"569ae61b1895ca44746fffe8","2018-10-25T16:10:30.240Z",140177,0
"586be3afe18a291000c4489b","2018-10-25T16:10:30.240Z",149585,0
"542ec35380088cee586d3ae0","2018-10-25T16:10:30.240Z",165972,0
"56fd0e819d043da07b096ec4","2018-10-25T16:10:30.240Z",352655674,0
"57993d9e69b3180b00fc2512","2018-10-25T16:10:30.240Z",1073543,0
"56968fd21895ca4474682f80","2018-10-25T16:10:30.240Z",149257,0
"569ae61b1895ca44746fffe8","2018-10-25T16:20:30.347Z",152177,0
"542ec35380088cee586d3ae0","2018-10-25T16:20:30.347Z",148778550,0
"550c52805ab6cc1352a632f5","2018-10-25T16:20:30.347Z",1888645,0
"56fd0e819d043da07b096ec4","2018-10-25T16:20:30.347Z",155325,0
"56ba085c1895ca447473ac1d","2018-10-25T16:20:30.347Z",163262674,0
"57993d9e69b3180b00fc2512","2018-10-25T16:20:30.347Z",252371,0
"55d47dd61895ca44740e28a1","2018-10-25T16:20:30.347Z",134673,0
"569ae61b1895ca44746fffe8","2018-10-25T16:30:30.437Z",150197,0
"574714b12a8192902e218123","2018-10-25T16:30:30.437Z",37658172,0
"542ec35380088cee586d3ae0","2018-10-25T16:30:30.437Z",158754,0
"550c52805ab6cc1352a632f5","2018-10-25T16:30:30.437Z",2284054,0
"540e85493479c5ea8f9f084f","2018-10-25T16:30:30.437Z",161357,0
"56fd0e819d043da07b096ec4","2018-10-25T16:30:30.437Z",139418,0
"56ba085c1895ca447473ac1d","2018-10-25T16:30:30.437Z",127662,0
"55d47dd61895ca44740e28a1","2018-10-25T16:30:30.437Z",128635,0
"574714b12a8192902e218123","2018-10-25T16:40:30.518Z",3550260,0
"55936f57edd7f2c0524cc7b8","2018-10-25T16:40:30.518Z",564631,0
"550c52805ab6cc1352a632f5","2018-10-25T16:40:30.518Z",857471,0
"540e85493479c5ea8f9f084f","2018-10-25T16:40:30.518Z",124224,0
"56fd0e819d043da07b096ec4","2018-10-25T16:40:30.518Z",145564,0
"574714b12a8192902e218123","2018-10-25T16:50:30.614Z",145983,0
"55936f57edd7f2c0524cc7b8","2018-10-25T16:50:30.614Z",268273,0
"550c52805ab6cc1352a632f5","2018-10-25T16:50:30.614Z",918946,0
"586be3afe18a291000c4489b","2018-10-25T16:50:30.614Z",146307,0
"540e85493479c5ea8f9f084f","2018-10-25T16:50:30.614Z",145128,0
"55240d9b5ab6cc1352baf597","2018-10-25T16:50:30.614Z",1021154,0
"574714b12a8192902e218123","2018-10-25T17:00:30.626Z",37653567,0
"55936f57edd7f2c0524cc7b8","2018-10-25T17:00:30.626Z",434877,0
"580de68af057850f005bf861","2018-10-25T17:00:30.626Z",163033,0
"550c52805ab6cc1352a632f5","2018-10-25T17:00:30.626Z",803206,0
"586be3afe18a291000c4489b","2018-10-25T17:00:30.626Z",136139,0
"55240d9b5ab6cc1352baf597","2018-10-25T17:00:30.626Z",464792,0
"57ea8202bded660f00237102","2018-10-25T17:00:30.626Z",147091,0
"542ec35380088cee586d3ae0","2018-10-25T17:00:30.626Z",155858,0
"547ec7d4d46935d5fbbf3943","2018-10-25T17:00:30.626Z",131536,0
"55936f57edd7f2c0524cc7b8","2018-10-25T17:08:03.889Z",151834,61428
"580de68af057850f005bf861","2018-10-25T17:08:03.889Z",130418,59625
"586be3afe18a291000c4489b","2018-10-25T17:08:03.889Z",159775,58943
"55240d9b5ab6cc1352baf597","2018-10-25T17:08:03.889Z",60238112,2229915
"57ea8202bded660f00237102","2018-10-25T17:08:03.889Z",150667,60537
"542ec35380088cee586d3ae0","2018-10-25T17:08:03.889Z",161830,66364
"547ec7d4d46935d5fbbf3943","2018-10-25T17:08:03.889Z",150988,60351
"574714b12a8192902e218123","2018-10-25T17:18:04.002Z",37866564,1549975
"542ec35380088cee586d3ae0","2018-10-25T17:18:04.002Z",164517,65806
"57993d9e69b3180b00fc2512","2018-10-25T17:18:04.002Z",137949,59299
"542ec35380088cee586d3ae0","2018-10-25T17:28:04.087Z",785283064,9695878
"5885eb1eaebc4e0f008066c4","2018-10-25T17:28:04.087Z",567967090,5048972
"550859245ab6cc1352a30dca","2018-10-25T17:28:04.087Z",1397314,945603
"542ec35380088cee586d3ae0","2018-10-25T17:38:04.116Z",31104834,2111879
"5885eb1eaebc4e0f008066c4","2018-10-25T17:38:04.116Z",608000849,3960492
"550859245ab6cc1352a30dca","2018-10-25T17:38:04.116Z",899085,666013
"540e85493479c5ea8f9f084f","2018-10-25T17:38:04.116Z",139825,59149
"54bf6f7e5ab6cc13528941fb","2018-10-25T17:38:04.116Z",141040,60938
"56968fd21895ca4474682f80","2018-10-25T17:38:04.116Z",320825200,132846722
"542ec35380088cee586d3ae0","2018-10-25T17:48:04.167Z",6454867,280848268
"5885eb1eaebc4e0f008066c4","2018-10-25T17:48:04.167Z",526956902,4639937
"550859245ab6cc1352a30dca","2018-10-25T17:48:04.167Z",1415531,1148164
"542ec35380088cee586d3ae0","2018-10-25T17:58:04.211Z",3306835,278526572
"5885eb1eaebc4e0f008066c4","2018-10-25T17:58:04.211Z",332765364,3325238
"550859245ab6cc1352a30dca","2018-10-25T17:58:04.211Z",838937,595704
"542ec35380088cee586d3ae0","2018-10-25T18:08:04.286Z",1616195065,17823725
"5885eb1eaebc4e0f008066c4","2018-10-25T18:08:04.286Z",554597438,4909610
"550859245ab6cc1352a30dca","2018-10-25T18:08:04.286Z",591757236,6081056
"542ec35380088cee586d3ae0","2018-10-25T18:18:04.376Z",70448161,1227714
"56325d5f1895ca4474222299","2018-10-25T18:18:04.376Z",402547,156070
"547ec7d4d46935d5fbbf3943","2018-10-25T18:18:04.376Z",136352,60320
"5764a1372a8192902e2425b5","2018-10-25T18:18:04.376Z",145312,59273
"57f44bb5b60e2a0f00162673","2018-10-25T18:18:04.376Z",149407,65052
"57d6aace5a1fc61000aeed11","2018-10-25T18:18:04.376Z",146858,60011
"57993d9e69b3180b00fc2512","2018-10-25T18:18:04.376Z",316287,118408
"55240d9b5ab6cc1352baf597","2018-10-25T18:18:04.376Z",135364,58881
"542ec35380088cee586d3ae0","2018-10-25T18:28:04.476Z",6213905,281182322
"56325d5f1895ca4474222299","2018-10-25T18:28:04.476Z",446849,127825
"574714b12a8192902e218123","2018-10-25T18:28:04.476Z",584282,423095
"56968fd21895ca4474682f80","2018-10-25T18:28:04.476Z",146700,58968
"540e75583479c5ea8f9e71e1","2018-10-25T18:28:04.476Z",2188080,449461
"542ec35380088cee586d3ae0","2018-10-25T18:38:04.576Z",801958567,9075409
"540e75583479c5ea8f9e71e1","2018-10-25T18:38:04.576Z",2551822,446325
"542ec35380088cee586d3ae0","2018-10-25T18:48:04.674Z",169495237,3895013
"56d5a5519d043da07b1ab10c","2018-10-25T18:48:04.674Z",191205,62133
"540e75583479c5ea8f9e71e1","2018-10-25T18:48:04.674Z",1398115,108610
"5777da8c3be4f4faa56b985c","2018-10-25T18:48:04.674Z",139561,59906
"550859245ab6cc1352a30dca","2018-10-25T18:58:04.731Z",171655,64358
"542ec35380088cee586d3ae0","2018-10-25T18:58:04.731Z",29039549,1911218
"5885eb1eaebc4e0f008066c4","2018-10-25T18:58:04.731Z",292281035,2663610
"540e75583479c5ea8f9e71e1","2018-10-25T18:58:04.731Z",119375,70395
"542ec35380088cee586d3ae0","2018-10-25T19:08:04.770Z",4169582,967662
"540e85493479c5ea8f9f084f","2018-10-25T19:08:04.770Z",148580,60121
"55240d9b5ab6cc1352baf597","2018-10-25T19:08:04.770Z",150803,61508
"5885eb1eaebc4e0f008066c4","2018-10-25T19:08:04.770Z",810848,374394
"57993d9e69b3180b00fc2512","2018-10-25T19:18:04.871Z",163999,60377
"542ec35380088cee586d3ae0","2018-10-25T19:18:04.871Z",458150,185902
"5885eb1eaebc4e0f008066c4","2018-10-25T19:18:04.871Z",347942204,3389624
"57ea8202bded660f00237102","2018-10-25T19:18:04.871Z",155023,60846
"573a53db2a8192902e204f23","2018-10-25T19:18:04.871Z",160583,61037
"547ec7d4d46935d5fbbf3943","2018-10-25T19:28:04.963Z",215391162,10335072
"56ba085c1895ca447473ac1d","2018-10-25T19:28:04.963Z",307191,121940
"542ec35380088cee586d3ae0","2018-10-25T19:28:04.963Z",310094,120341
"55240d9b5ab6cc1352baf597","2018-10-25T19:28:04.963Z",456801690,1552753
"5885eb1eaebc4e0f008066c4","2018-10-25T19:28:04.963Z",607432014,4415087
"547ec7d4d46935d5fbbf3943","2018-10-25T19:38:04.982Z",498436655,1054124651
"58ae34049168fd0f007bc369","2018-10-25T19:38:04.982Z",147620,58866
"542ec35380088cee586d3ae0","2018-10-25T19:38:04.982Z",132301,58699
"55240d9b5ab6cc1352baf597","2018-10-25T19:38:04.982Z",217487809,1519369
"5885eb1eaebc4e0f008066c4","2018-10-25T19:38:04.982Z",605430858,4974737
"56968fd21895ca4474682f80","2018-10-25T19:38:04.982Z",172917001,132234742
"57c059335f41330f00d5e7fd","2018-10-25T19:38:04.982Z",170113,61209
"547ec7d4d46935d5fbbf3943","2018-10-25T19:48:05.074Z",383835889,358710401
"58ae34049168fd0f007bc369","2018-10-25T19:48:05.074Z",16086973,1312660
"57993d9e69b3180b00fc2512","2018-10-25T19:48:05.074Z",147441,59481
"542ec35380088cee586d3ae0","2018-10-25T19:48:05.074Z",158343,60325
"56325d5f1895ca4474222299","2018-10-25T19:48:05.074Z",132822,59274
"55240d9b5ab6cc1352baf597","2018-10-25T19:48:05.074Z",15853450,636788119
"5885eb1eaebc4e0f008066c4","2018-10-25T19:48:05.074Z",560745655,4516421
"56968fd21895ca4474682f80","2018-10-25T19:48:05.074Z",149029,60076
"57c059335f41330f00d5e7fd","2018-10-25T19:48:05.074Z",158997,61265
"547ec7d4d46935d5fbbf3943","2018-10-25T19:58:05.172Z",17884669,1156038874
"550859245ab6cc1352a30dca","2018-10-25T19:58:05.172Z",1300698,1067794
"573a53db2a8192902e204f23","2018-10-25T19:58:05.172Z",1333506,532653
"55240d9b5ab6cc1352baf597","2018-10-25T19:58:05.172Z",58642760,1854213
"551c3dee5ab6cc1352b36f15","2018-10-25T19:58:05.172Z",142505,59081
"547ec7d4d46935d5fbbf3943","2018-10-25T20:08:05.195Z",11016886,2305947
"573a53db2a8192902e204f23","2018-10-25T20:08:05.195Z",148381,62704
"55240d9b5ab6cc1352baf597","2018-10-25T20:08:05.195Z",14767340,369160187
"550859245ab6cc1352a30dca","2018-10-25T20:08:05.195Z",39297289,853164
"547ec7d4d46935d5fbbf3943","2018-10-25T20:18:05.294Z",19613952,1019395150
"573a53db2a8192902e204f23","2018-10-25T20:18:05.294Z",161190,63884
"550859245ab6cc1352a30dca","2018-10-25T20:18:05.294Z",39879913,1116497
"55240d9b5ab6cc1352baf597","2018-10-25T20:18:05.294Z",142218,58972
"56fd0e819d043da07b096ec4","2018-10-25T20:18:05.294Z",3450977,6215241
"57f44bb5b60e2a0f00162673","2018-10-25T20:18:05.294Z",174810,61733
"547ec7d4d46935d5fbbf3943","2018-10-25T20:25:42.835Z",447029754,483648976
"58ae34049168fd0f007bc369","2018-10-25T20:25:42.835Z",307227,119318
"58c0b032ba29530500188bd1","2018-10-25T20:25:42.835Z",3052354,2703645
"5764a1372a8192902e2425b5","2018-10-25T20:25:42.835Z",142759,58477
"550859245ab6cc1352a30dca","2018-10-25T20:25:42.835Z",40254258,1587260
"55240d9b5ab6cc1352baf597","2018-10-25T20:25:42.835Z",152077,58535
"56fd0e819d043da07b096ec4","2018-10-25T20:25:42.835Z",698580849,10570228
"547ec7d4d46935d5fbbf3943","2018-10-25T20:35:42.945Z",407918452,215155289
"58ae34049168fd0f007bc369","2018-10-25T20:35:42.945Z",427090905,314932536
"58c0b032ba29530500188bd1","2018-10-25T20:35:42.945Z",2227864,123718734
"550859245ab6cc1352a30dca","2018-10-25T20:35:42.945Z",867707,632214
"56fd0e819d043da07b096ec4","2018-10-25T20:35:42.945Z",49727625,11645993
"577d44e53be4f4faa56bf70d","2018-10-25T20:35:42.945Z",148799,59870

"547ec7d4d46935d5fbbf3943","2018-10-25T20:45:43.001Z",18241278,905290121
"58ae34049168fd0f007bc369","2018-10-25T20:45:43.001Z",54369179,96435313
"5777da8c3be4f4faa56b985c","2018-10-25T20:45:43.001Z",166592,61844
"57993d9e69b3180b00fc2512","2018-10-25T20:45:43.001Z",159159,59414
"550859245ab6cc1352a30dca","2018-10-25T20:45:43.001Z",1089400,795133
"57a26cc672c8f70c00680d7c","2018-10-25T20:45:43.001Z",161337,62276
"56fd0e819d043da07b096ec4","2018-10-25T20:45:43.001Z",377791342,8432551

"547ec7d4d46935d5fbbf3943","2018-10-25T20:55:43.099Z",3865866,3496387
"540e85493479c5ea8f9f084f","2018-10-25T20:55:43.099Z",71203404,18291292
"56ba085c1895ca447473ac1d","2018-10-25T20:55:43.099Z",297367,126282
"550859245ab6cc1352a30dca","2018-10-25T20:55:43.099Z",254907643,2696394
"58ae34049168fd0f007bc369","2018-10-25T20:55:43.099Z",213697369,314834883
"578558ac3be4f4faa56c9584","2018-10-25T20:55:43.099Z",1244794872,3491279
"56fd0e819d043da07b096ec4","2018-10-25T20:55:43.099Z",370062262,13961389
"5844689b9d1f3e0f00576318","2018-10-25T20:55:43.099Z",131315,59885

"547ec7d4d46935d5fbbf3943","2018-10-25T21:05:43.171Z",334171,123995
"540e85493479c5ea8f9f084f","2018-10-25T21:05:43.171Z",136769,60415
"55240d9b5ab6cc1352baf597","2018-10-25T21:05:43.171Z",23190454,241574663
"56325d5f1895ca4474222299","2018-10-25T21:05:43.171Z",662715,314110
"56ba085c1895ca447473ac1d","2018-10-25T21:05:43.171Z",329614,136958
"550859245ab6cc1352a30dca","2018-10-25T21:05:43.171Z",32045858,723194
"58ae34049168fd0f007bc369","2018-10-25T21:05:43.171Z",426569,180333
"56fd0e819d043da07b096ec4","2018-10-25T21:05:43.171Z",342030393,9985758
"5844689b9d1f3e0f00576318","2018-10-25T21:05:43.171Z",134798,59653

"547ec7d4d46935d5fbbf3943","2018-10-25T21:15:43.202Z",319885,141578
"540e85493479c5ea8f9f084f","2018-10-25T21:15:43.202Z",249034,266027
"55240d9b5ab6cc1352baf597","2018-10-25T21:15:43.202Z",74859195,241527358
"56325d5f1895ca4474222299","2018-10-25T21:15:43.202Z",182302,67112
"550859245ab6cc1352a30dca","2018-10-25T21:15:43.202Z",149193,58556
"58ae34049168fd0f007bc369","2018-10-25T21:15:43.202Z",448010,180004
"56fd0e819d043da07b096ec4","2018-10-25T21:15:43.202Z",409258343,16994785

"547ec7d4d46935d5fbbf3943","2018-10-25T21:25:43.267Z",313289,126646
"5777da8c3be4f4faa56b985c","2018-10-25T21:25:43.267Z",293295,121142
"57993d9e69b3180b00fc2512","2018-10-25T21:25:43.267Z",34291071,15682643
"540e85493479c5ea8f9f084f","2018-10-25T21:25:43.267Z",137793,58441
"55240d9b5ab6cc1352baf597","2018-10-25T21:25:43.267Z",15841646,539717702
"57f44bb5b60e2a0f00162673","2018-10-25T21:25:43.267Z",106313415,3693836
"56325d5f1895ca4474222299","2018-10-25T21:25:43.267Z",182067,62704
"58ae34049168fd0f007bc369","2018-10-25T21:25:43.267Z",280088,118444
"56fd0e819d043da07b096ec4","2018-10-25T21:25:43.267Z",21923024,8798026

"547ec7d4d46935d5fbbf3943","2018-10-25T21:35:43.339Z",782904,160235
"5777da8c3be4f4faa56b985c","2018-10-25T21:35:43.339Z",286317,120087
"57993d9e69b3180b00fc2512","2018-10-25T21:35:43.339Z",161401,61066
"540e85493479c5ea8f9f084f","2018-10-25T21:35:43.339Z",162927,61887
"55240d9b5ab6cc1352baf597","2018-10-25T21:35:43.339Z",445242,179698
"57f44bb5b60e2a0f00162673","2018-10-25T21:35:43.339Z",11058441,983766014
"56ba085c1895ca447473ac1d","2018-10-25T21:35:43.339Z",186925736,253192555
"56cff66d1895ca44747c79f3","2018-10-25T21:35:43.339Z",4619626,149304385
"56fd0e819d043da07b096ec4","2018-10-25T21:35:43.339Z",366020308,11180082

"547ec7d4d46935d5fbbf3943","2018-10-25T21:45:43.383Z",436298581,218027460
"5777da8c3be4f4faa56b985c","2018-10-25T21:45:43.383Z",249927,116933
"57993d9e69b3180b00fc2512","2018-10-25T21:45:43.383Z",146172,58735
"540e85493479c5ea8f9f084f","2018-10-25T21:45:43.383Z",148357,61724
"55240d9b5ab6cc1352baf597","2018-10-25T21:45:43.383Z",272687,118358
"57f44bb5b60e2a0f00162673","2018-10-25T21:45:43.383Z",157512,60416
"57c059335f41330f00d5e7fd","2018-10-25T21:45:43.383Z",50592,39650
"56ba085c1895ca447473ac1d","2018-10-25T21:45:43.383Z",15696876,126362469
"56cff66d1895ca44747c79f3","2018-10-25T21:45:43.383Z",300894,122160
"56fd0e819d043da07b096ec4","2018-10-25T21:45:43.383Z",286056,117539

"547ec7d4d46935d5fbbf3943","2018-10-25T21:55:43.439Z",127892385,8838701
"5777da8c3be4f4faa56b985c","2018-10-25T21:55:43.439Z",327410,120376
"540e85493479c5ea8f9f084f","2018-10-25T21:55:43.439Z",172601193,18985783
"57c059335f41330f00d5e7fd","2018-10-25T21:55:43.439Z",87780710,3956489
"56ba085c1895ca447473ac1d","2018-10-25T21:55:43.439Z",326900893,7126913
"56cff66d1895ca44747c79f3","2018-10-25T21:55:43.439Z",260581,117668
"56fd0e819d043da07b096ec4","2018-10-25T21:55:43.439Z",254134,123281

"547ec7d4d46935d5fbbf3943","2018-10-25T22:05:43.528Z",1060623137,225793705
"57c059335f41330f00d5e7fd","2018-10-25T22:05:43.528Z",282954,124010
"57993d9e69b3180b00fc2512","2018-10-25T22:05:43.528Z",72716,51914
"56fd0e819d043da07b096ec4","2018-10-25T22:05:43.528Z",296746,117811

"547ec7d4d46935d5fbbf3943","2018-10-25T22:15:43.612Z",932857545,226045928
"550859245ab6cc1352a30dca","2018-10-25T22:15:43.612Z",38632815,735102
"57c059335f41330f00d5e7fd","2018-10-25T22:15:43.612Z",304086,122095
"588f91af9e25c31000079620","2018-10-25T22:15:43.612Z",92797883,3006807
"57993d9e69b3180b00fc2512","2018-10-25T22:15:43.612Z",145618,60396
"56fd0e819d043da07b096ec4","2018-10-25T22:15:43.612Z",315406,118872

"547ec7d4d46935d5fbbf3943","2018-10-25T22:25:43.699Z",187865809,218456032
"550859245ab6cc1352a30dca","2018-10-25T22:25:43.699Z",481364,159246
"57c059335f41330f00d5e7fd","2018-10-25T22:25:43.699Z",87719605,4042432
"588f91af9e25c31000079620","2018-10-25T22:25:43.699Z",150926,59861
"57993d9e69b3180b00fc2512","2018-10-25T22:25:43.699Z",167436,60764

"547ec7d4d46935d5fbbf3943","2018-10-25T22:35:43.799Z",929888,467752
"55240d9b5ab6cc1352baf597","2018-10-25T22:35:43.799Z",1323194416,10346948
"550859245ab6cc1352a30dca","2018-10-25T22:35:43.799Z",39515615,964100
"588f91af9e25c31000079620","2018-10-25T22:35:43.799Z",125167,58213
"573a53db2a8192902e204f23","2018-10-25T22:35:43.799Z",37394455,2230707
"57993d9e69b3180b00fc2512","2018-10-25T22:35:43.799Z",34331216,15737164
"578558ac3be4f4faa56c9584","2018-10-25T22:35:43.799Z",2351007151,13368512

"578558ac3be4f4faa56c9584","2018-10-25T22:45:43.826Z",431645,66647
"547ec7d4d46935d5fbbf3943","2018-10-25T22:45:43.826Z",249089570,4527533
"55240d9b5ab6cc1352baf597","2018-10-25T22:45:43.826Z",31851955,948043482
"550859245ab6cc1352a30dca","2018-10-25T22:45:43.826Z",761772,396108
"588f91af9e25c31000079620","2018-10-25T22:45:43.826Z",156030,58959
"573a53db2a8192902e204f23","2018-10-25T22:45:43.826Z",162670,61660
"57993d9e69b3180b00fc2512","2018-10-25T22:45:43.826Z",162010,61004

"578558ac3be4f4faa56c9584","2018-10-25T22:55:43.915Z",2589901083,14312979
"547ec7d4d46935d5fbbf3943","2018-10-25T22:55:43.915Z",181167579,211377910
"55240d9b5ab6cc1352baf597","2018-10-25T22:55:43.915Z",463610,182822
"573a53db2a8192902e204f23","2018-10-25T22:55:43.915Z",152176,60680

"547ec7d4d46935d5fbbf3943","2018-10-25T23:05:44.015Z",876369221,10243482
"55240d9b5ab6cc1352baf597","2018-10-25T23:05:44.015Z",438471,189536
"57f44bb5b60e2a0f00162673","2018-10-25T23:05:44.015Z",741637,153086
"573a53db2a8192902e204f23","2018-10-25T23:05:44.015Z",162830,61362

"547ec7d4d46935d5fbbf3943","2018-10-25T23:15:44.115Z",530016427,212182624
"57993d9e69b3180b00fc2512","2018-10-25T23:15:44.115Z",464983,133278
"55240d9b5ab6cc1352baf597","2018-10-25T23:15:44.115Z",511463,188186
"57f44bb5b60e2a0f00162673","2018-10-25T23:15:44.115Z",535639200,5767515
"573a53db2a8192902e204f23","2018-10-25T23:15:44.115Z",174902,61645
"540e75583479c5ea8f9e71e1","2018-10-25T23:15:44.115Z",56853,42426

"540e75583479c5ea8f9e71e1","2018-10-25T23:25:44.192Z",16834,32442
"547ec7d4d46935d5fbbf3943","2018-10-25T23:25:44.192Z",321855,121130
"57993d9e69b3180b00fc2512","2018-10-25T23:25:44.192Z",34357669,15693112
"55d47dd61895ca44740e28a1","2018-10-25T23:25:44.192Z",31848786,1301848
"57f44bb5b60e2a0f00162673","2018-10-25T23:25:44.192Z",66758939,979301

"540e75583479c5ea8f9e71e1","2018-10-25T23:35:44.290Z",2009210843,10109906
"547ec7d4d46935d5fbbf3943","2018-10-25T23:35:44.290Z",301632,119924
"57993d9e69b3180b00fc2512","2018-10-25T23:35:44.290Z",125114,59310
"55d47dd61895ca44740e28a1","2018-10-25T23:35:44.290Z",277159,120264
"57f44bb5b60e2a0f00162673","2018-10-25T23:35:44.290Z",168099,62494

"540e75583479c5ea8f9e71e1","2018-10-25T23:45:44.378Z",1337529589,5698735
"58ae34049168fd0f007bc369","2018-10-25T23:45:44.378Z",405091433,290691565
"547ec7d4d46935d5fbbf3943","2018-10-25T23:45:44.378Z",271610,117508
"57993d9e69b3180b00fc2512","2018-10-25T23:45:44.378Z",130077,57752
"55d47dd61895ca44740e28a1","2018-10-25T23:45:44.378Z",297311,119175
"57f44bb5b60e2a0f00162673","2018-10-25T23:45:44.378Z",164150,61930
"573a53db2a8192902e204f23","2018-10-25T23:45:44.378Z",73481,51726

"540e75583479c5ea8f9e71e1","2018-10-25T23:55:44.475Z",3959707,607615
"58ae34049168fd0f007bc369","2018-10-25T23:55:44.475Z",136748098,422048118
"547ec7d4d46935d5fbbf3943","2018-10-25T23:55:44.475Z",884295762,9962798
"55d47dd61895ca44740e28a1","2018-10-25T23:55:44.475Z",295876,118858
"573a53db2a8192902e204f23","2018-10-25T23:55:44.475Z",251371,73631

"540e75583479c5ea8f9e71e1","2018-10-26T00:05:44.574Z",3071742,507876
"57993d9e69b3180b00fc2512","2018-10-26T00:05:44.574Z",52689,40842
"58ae34049168fd0f007bc369","2018-10-26T00:05:44.574Z",480278,196897
"547ec7d4d46935d5fbbf3943","2018-10-26T00:05:44.574Z",687557319,227459524
"55d47dd61895ca44740e28a1","2018-10-26T00:05:44.574Z",269013,117340
"573a53db2a8192902e204f23","2018-10-26T00:05:44.574Z",131652,60731

"540e75583479c5ea8f9e71e1","2018-10-26T00:15:44.621Z",2897112,482001
"57993d9e69b3180b00fc2512","2018-10-26T00:15:44.621Z",152989,59989
"58ae34049168fd0f007bc369","2018-10-26T00:15:44.621Z",473860,183031
"547ec7d4d46935d5fbbf3943","2018-10-26T00:15:44.621Z",253677172,5085091
"573a53db2a8192902e204f23","2018-10-26T00:15:44.621Z",153565,61180

"57993d9e69b3180b00fc2512","2018-10-26T00:25:44.701Z",137100,59573
"58ae34049168fd0f007bc369","2018-10-26T00:25:44.701Z",175949,68144
"547ec7d4d46935d5fbbf3943","2018-10-26T00:25:44.701Z",180222655,213618841
"573a53db2a8192902e204f23","2018-10-26T00:25:44.701Z",11646657,561351

"57993d9e69b3180b00fc2512","2018-10-26T00:35:44.795Z",34336098,15738082
"547ec7d4d46935d5fbbf3943","2018-10-26T00:35:44.795Z",161177,60611
"57a26cc672c8f70c00680d7c","2018-10-26T00:35:44.795Z",552472,182299

"57993d9e69b3180b00fc2512","2018-10-26T00:45:44.827Z",161487,61050
"573a53db2a8192902e204f23","2018-10-26T00:45:44.827Z",32193772,1502843
"57a26cc672c8f70c00680d7c","2018-10-26T00:45:44.827Z",32419179,1933208
"577032bd3be4f4faa56adb36","2018-10-26T00:45:44.827Z",16829591,104009

"573a53db2a8192902e204f23","2018-10-26T00:55:44.922Z",298574,121009
"577032bd3be4f4faa56adb36","2018-10-26T00:55:44.922Z",1459228074,4860633
"57a26cc672c8f70c00680d7c","2018-10-26T00:55:44.922Z",20851266,1599884
"55def20e1895ca4474103064","2018-10-26T00:55:44.922Z",4698331,1002879

"573a53db2a8192902e204f23","2018-10-26T01:05:45.002Z",306449,134081
"577032bd3be4f4faa56adb36","2018-10-26T01:05:45.002Z",107171952,569244
"57a26cc672c8f70c00680d7c","2018-10-26T01:05:45.002Z",137595,57193
"55def20e1895ca4474103064","2018-10-26T01:05:45.002Z",138635,62404

"57993d9e69b3180b00fc2512","2018-10-26T01:15:45.079Z",129000,49025
"577032bd3be4f4faa56adb36","2018-10-26T01:15:45.079Z",4483582003,11055741
"573a53db2a8192902e204f23","2018-10-26T01:15:45.079Z",298827,141350
"55def20e1895ca4474103064","2018-10-26T01:15:45.079Z",132960,60566

"57993d9e69b3180b00fc2512","2018-10-26T01:25:45.167Z",162881,60832
"577032bd3be4f4faa56adb36","2018-10-26T01:25:45.167Z",572383105,1603394
"573a53db2a8192902e204f23","2018-10-26T01:25:45.167Z",309043,123718
"55def20e1895ca4474103064","2018-10-26T01:25:45.167Z",159657,61973

"57993d9e69b3180b00fc2512","2018-10-26T01:35:45.196Z",34306385,15717002
"577032bd3be4f4faa56adb36","2018-10-26T01:35:45.196Z",3822819385,9873214
"55def20e1895ca4474103064","2018-10-26T01:35:45.196Z",138392,59670

"57993d9e69b3180b00fc2512","2018-10-26T01:45:45.201Z",144878,61036
"577032bd3be4f4faa56adb36","2018-10-26T01:45:45.201Z",591889641,2003498
"57f44bb5b60e2a0f00162673","2018-10-26T01:45:45.201Z",1256883,411231

"573a53db2a8192902e204f23","2018-10-26T01:55:45.296Z",72780,51720
"577032bd3be4f4faa56adb36","2018-10-26T01:55:45.296Z",4486007045,11771837
"57f44bb5b60e2a0f00162673","2018-10-26T01:55:45.296Z",1078463458,12340799

"573a53db2a8192902e204f23","2018-10-26T02:05:45.320Z",143588,60829
"577032bd3be4f4faa56adb36","2018-10-26T02:05:45.320Z",2775017362,8018956
"547ec7d4d46935d5fbbf3943","2018-10-26T02:05:45.320Z",676229677,5041617
"57f44bb5b60e2a0f00162673","2018-10-26T02:05:45.320Z",921130,466361

"573a53db2a8192902e204f23","2018-10-26T02:15:45.390Z",157726,61376
"57993d9e69b3180b00fc2512","2018-10-26T02:15:45.390Z",142778,63654
"57fab5136da7b40e005d70ed","2018-10-26T02:15:45.390Z",175005931,4140548
"577032bd3be4f4faa56adb36","2018-10-26T02:15:45.390Z",572397954,1735549
"5497cf91d46935d5fbc0c81d","2018-10-26T02:15:45.390Z",196162111,4461040
"547ec7d4d46935d5fbbf3943","2018-10-26T02:15:45.390Z",707046186,7087887
"57f44bb5b60e2a0f00162673","2018-10-26T02:15:45.390Z",292164,122558

"577032bd3be4f4faa56adb36","2018-10-26T02:25:45.468Z",2520695404,6668088
"573a53db2a8192902e204f23","2018-10-26T02:25:45.468Z",488932928,35774446
"57993d9e69b3180b00fc2512","2018-10-26T02:25:45.468Z",140623,67422
"57fab5136da7b40e005d70ed","2018-10-26T02:25:45.468Z",37297182,1423386
"5497cf91d46935d5fbc0c81d","2018-10-26T02:25:45.468Z",165183,75670
"547ec7d4d46935d5fbbf3943","2018-10-26T02:25:45.468Z",582794241,1045482538
"57f44bb5b60e2a0f00162673","2018-10-26T02:25:45.468Z",309174,117683

"577032bd3be4f4faa56adb36","2018-10-26T02:35:45.548Z",189440124,751414
"573a53db2a8192902e204f23","2018-10-26T02:35:45.548Z",6505241,2647352
"57993d9e69b3180b00fc2512","2018-10-26T02:35:45.548Z",34247863,15711430
"57fab5136da7b40e005d70ed","2018-10-26T02:35:45.548Z",483139,262595
"5497cf91d46935d5fbc0c81d","2018-10-26T02:35:45.548Z",176684,85792
"547ec7d4d46935d5fbbf3943","2018-10-26T02:35:45.548Z",211950897,645827983

"57ea8202bded660f00237102","2018-10-26T02:45:45.648Z",69062902,1811497
"577032bd3be4f4faa56adb36","2018-10-26T02:45:45.648Z",4486106351,10055821
"573a53db2a8192902e204f23","2018-10-26T02:45:45.648Z",579833,239968
"57993d9e69b3180b00fc2512","2018-10-26T02:45:45.648Z",146013,60527
"57fab5136da7b40e005d70ed","2018-10-26T02:45:45.648Z",19878924,24942147
"5497cf91d46935d5fbc0c81d","2018-10-26T02:45:45.648Z",163066,79403
"547ec7d4d46935d5fbbf3943","2018-10-26T02:45:45.648Z",14629827,1156150203
"5702362c2a8192902e1b7fe7","2018-10-26T02:45:45.648Z",895904,201047

"57ea8202bded660f00237102","2018-10-26T02:55:45.746Z",13472991,342990451
"573a53db2a8192902e204f23","2018-10-26T02:55:45.746Z",564580,239639
"57fab5136da7b40e005d70ed","2018-10-26T02:55:45.746Z",325562,143020
"5497cf91d46935d5fbc0c81d","2018-10-26T02:55:45.746Z",152225,70326
"547ec7d4d46935d5fbbf3943","2018-10-26T02:55:45.746Z",120446,60163
"5702362c2a8192902e1b7fe7","2018-10-26T02:55:45.746Z",38864679,1145352

"57ea8202bded660f00237102","2018-10-26T03:05:45.809Z",642823,184181
"577032bd3be4f4faa56adb36","2018-10-26T03:05:45.809Z",542917601,1241676
"573a53db2a8192902e204f23","2018-10-26T03:05:45.809Z",654090,248521
"5497cf91d46935d5fbc0c81d","2018-10-26T03:05:45.809Z",3343961197,7800374
"547ec7d4d46935d5fbbf3943","2018-10-26T03:05:45.809Z",124806,58791
"5702362c2a8192902e1b7fe7","2018-10-26T03:05:45.809Z",139215,58589

"57ea8202bded660f00237102","2018-10-26T03:15:45.884Z",144130,65937
"577032bd3be4f4faa56adb36","2018-10-26T03:15:45.884Z",2622295017,7479842
"573a53db2a8192902e204f23","2018-10-26T03:15:45.884Z",568981,249725
"57993d9e69b3180b00fc2512","2018-10-26T03:15:45.884Z",457544,129224
"5497cf91d46935d5fbc0c81d","2018-10-26T03:15:45.884Z",3344013298,7126896
"5702362c2a8192902e1b7fe7","2018-10-26T03:15:45.884Z",305724339,2704551
"55936f57edd7f2c0524cc7b8","2018-10-26T03:15:45.884Z",77149483,1519614

"57ea8202bded660f00237102","2018-10-26T03:25:45.970Z",161264,78153
"57993d9e69b3180b00fc2512","2018-10-26T03:25:45.970Z",34234089,15683587
"5497cf91d46935d5fbc0c81d","2018-10-26T03:25:45.970Z",1104271050,3058160
"5702362c2a8192902e1b7fe7","2018-10-26T03:25:45.970Z",305930267,2799010
"55936f57edd7f2c0524cc7b8","2018-10-26T03:25:45.970Z",345107,123968

"577032bd3be4f4faa56adb36","2018-10-26T03:35:46.064Z",1632216390,3342132
"57993d9e69b3180b00fc2512","2018-10-26T03:35:46.064Z",183844,63170
"55936f57edd7f2c0524cc7b8","2018-10-26T03:35:46.064Z",310162,125240

"54bcd4f75ab6cc135289064f","2018-10-26T03:45:46.099Z",1333244,730915
"577032bd3be4f4faa56adb36","2018-10-26T03:45:46.099Z",4485767007,11479596
"57993d9e69b3180b00fc2512","2018-10-26T03:45:46.099Z",149911,59090
"55936f57edd7f2c0524cc7b8","2018-10-26T03:45:46.099Z",317792,119029

"54bcd4f75ab6cc135289064f","2018-10-26T03:55:46.149Z",161271,60577

"54bcd4f75ab6cc135289064f","2018-10-26T04:05:46.248Z",154805,59205
"55936f57edd7f2c0524cc7b8","2018-10-26T04:05:46.248Z",5069688229,12615941

"54bcd4f75ab6cc135289064f","2018-10-26T04:15:46.347Z",128841,58115
"55936f57edd7f2c0524cc7b8","2018-10-26T04:15:46.347Z",754745557,16923024
"5702362c2a8192902e1b7fe7","2018-10-26T04:15:46.347Z",71643601,1587009
"57993d9e69b3180b00fc2512","2018-10-26T04:15:46.347Z",176948,66203

"577032bd3be4f4faa56adb36","2018-10-26T04:25:46.404Z",2844659940,7517796
"55936f57edd7f2c0524cc7b8","2018-10-26T04:25:46.404Z",2201114,1857874
"5702362c2a8192902e1b7fe7","2018-10-26T04:25:46.404Z",153869,61632
"57993d9e69b3180b00fc2512","2018-10-26T04:25:46.404Z",225559,75380

"577032bd3be4f4faa56adb36","2018-10-26T04:35:46.460Z",189430652,778072
"5560c277edd7f2c052f9d04c","2018-10-26T04:35:46.460Z",80937,54133
"55936f57edd7f2c0524cc7b8","2018-10-26T04:35:46.460Z",4455749,224876812
"576cdb363be4f4faa56a9543","2018-10-26T04:35:46.460Z",367108006,4780317
"56325d5f1895ca4474222299","2018-10-26T04:35:46.460Z",103091666,1397333
"57993d9e69b3180b00fc2512","2018-10-26T04:35:46.460Z",33471585,950074
"5702362c2a8192902e1b7fe7","2018-10-26T04:35:46.460Z",174772,62551

"5560c277edd7f2c052f9d04c","2018-10-26T04:45:46.559Z",166481,61198
"577032bd3be4f4faa56adb36","2018-10-26T04:45:46.559Z",3494557132,8984706
"55936f57edd7f2c0524cc7b8","2018-10-26T04:45:46.559Z",333563,138701
"576cdb363be4f4faa56a9543","2018-10-26T04:45:46.559Z",145514,59884
"56325d5f1895ca4474222299","2018-10-26T04:45:46.559Z",74824681,2452038
"57993d9e69b3180b00fc2512","2018-10-26T04:45:46.559Z",170616,67448
"5702362c2a8192902e1b7fe7","2018-10-26T04:45:46.559Z",131886,60526

"5560c277edd7f2c052f9d04c","2018-10-26T04:55:46.659Z",125388,58882
"576cdb363be4f4faa56a9543","2018-10-26T04:55:46.659Z",146028,60105
"56325d5f1895ca4474222299","2018-10-26T04:55:46.659Z",180354115,4271909
"5702362c2a8192902e1b7fe7","2018-10-26T04:55:46.659Z",174420,62576

"574714b12a8192902e218123","2018-10-26T05:05:46.759Z",20453689,1006811
"5560c277edd7f2c052f9d04c","2018-10-26T05:05:46.759Z",178592,64902
"577032bd3be4f4faa56adb36","2018-10-26T05:05:46.759Z",2780016508,5884754
"569e55301895ca44747023f0","2018-10-26T05:05:46.759Z",3524805674,8903055
"57993d9e69b3180b00fc2512","2018-10-26T05:05:46.759Z",74029711,2701111
"576cdb363be4f4faa56a9543","2018-10-26T05:05:46.759Z",145458,59756
"56325d5f1895ca4474222299","2018-10-26T05:05:46.759Z",5471344,1018128

"574714b12a8192902e218123","2018-10-26T05:15:46.815Z",120070,58240
"5560c277edd7f2c052f9d04c","2018-10-26T05:15:46.815Z",171101,66721
"569e55301895ca44747023f0","2018-10-26T05:15:46.815Z",114459311,1777312
"57993d9e69b3180b00fc2512","2018-10-26T05:15:46.815Z",38328615,16326672
"56325d5f1895ca4474222299","2018-10-26T05:15:46.815Z",176620266,3401065

"574714b12a8192902e218123","2018-10-26T05:25:46.915Z",140777,59669
"57993d9e69b3180b00fc2512","2018-10-26T05:25:46.915Z",55466118,16619482

"574714b12a8192902e218123","2018-10-26T05:35:46.999Z",125397,58814
"55240d9b5ab6cc1352baf597","2018-10-26T05:35:46.999Z",1052584387,3880274
"569e55301895ca44747023f0","2018-10-26T05:35:46.999Z",256055,129390
"55936f57edd7f2c0524cc7b8","2018-10-26T05:35:46.999Z",753116197,11077255
"57993d9e69b3180b00fc2512","2018-10-26T05:35:46.999Z",144765248,20110479
"56325d5f1895ca4474222299","2018-10-26T05:35:46.999Z",176339319,3669622

"56ba085c1895ca447473ac1d","2018-10-26T05:45:47.066Z",344300337,4513665
"5702362c2a8192902e1b7fe7","2018-10-26T05:45:47.066Z",305924035,2675195
"55240d9b5ab6cc1352baf597","2018-10-26T05:45:47.066Z",2128633804,1272402804
"569e55301895ca44747023f0","2018-10-26T05:45:47.066Z",185443,76841
"55936f57edd7f2c0524cc7b8","2018-10-26T05:45:47.066Z",5368167,227580705
"56cc0c1e1895ca4474774322","2018-10-26T05:45:47.066Z",118517320,1875884
"57993d9e69b3180b00fc2512","2018-10-26T05:45:47.066Z",101480695,4259257
"56325d5f1895ca4474222299","2018-10-26T05:45:47.066Z",2229317,334591
"55def20e1895ca4474103064","2018-10-26T05:45:47.066Z",817340,180027

"56ba085c1895ca447473ac1d","2018-10-26T05:55:47.157Z",176745040,130389940
"5702362c2a8192902e1b7fe7","2018-10-26T05:55:47.157Z",306199786,3154317
"55240d9b5ab6cc1352baf597","2018-10-26T05:55:47.157Z",826005989,714049746
"569e55301895ca44747023f0","2018-10-26T05:55:47.157Z",144740,59636
"55936f57edd7f2c0524cc7b8","2018-10-26T05:55:47.157Z",150440,60386
"56cc0c1e1895ca4474774322","2018-10-26T05:55:47.157Z",197994725,3123022
"56325d5f1895ca4474222299","2018-10-26T05:55:47.157Z",899596,382157
"55def20e1895ca4474103064","2018-10-26T05:55:47.157Z",150877,60406

"56ba085c1895ca447473ac1d","2018-10-26T06:05:47.255Z",423857,181199
"5702362c2a8192902e1b7fe7","2018-10-26T06:05:47.255Z",150527,60612
"55240d9b5ab6cc1352baf597","2018-10-26T06:05:47.255Z",739295,305452
"55936f57edd7f2c0524cc7b8","2018-10-26T06:05:47.255Z",155652,60190
"56cc0c1e1895ca4474774322","2018-10-26T06:05:47.255Z",141819,61135
"56325d5f1895ca4474222299","2018-10-26T06:05:47.255Z",151972,61001
"55def20e1895ca4474103064","2018-10-26T06:05:47.255Z",155290,60383

"56ba085c1895ca447473ac1d","2018-10-26T06:15:47.343Z",449837,183537
"5702362c2a8192902e1b7fe7","2018-10-26T06:15:47.343Z",150713,60070
"55d549851895ca44740e54d9","2018-10-26T06:15:47.343Z",3960136396,46450024
"5497cf91d46935d5fbc0c81d","2018-10-26T06:15:47.343Z",1734452575,36728420
"55240d9b5ab6cc1352baf597","2018-10-26T06:15:47.343Z",833027,360372
"57993d9e69b3180b00fc2512","2018-10-26T06:15:47.343Z",173967,62147
"56cc0c1e1895ca4474774322","2018-10-26T06:15:47.343Z",135925,60284
"56325d5f1895ca4474222299","2018-10-26T06:15:47.343Z",156078,60484
"55def20e1895ca4474103064","2018-10-26T06:15:47.343Z",150752,60700

"56ba085c1895ca447473ac1d","2018-10-26T06:25:47.443Z",412735,181571
"5702362c2a8192902e1b7fe7","2018-10-26T06:25:47.443Z",150293,59945
"55d549851895ca44740e54d9","2018-10-26T06:25:47.443Z",514123381,35550189
"5497cf91d46935d5fbc0c81d","2018-10-26T06:25:47.443Z",131490,60484
"56d5a5519d043da07b1ab10c","2018-10-26T06:25:47.443Z",1461972,472676
"57993d9e69b3180b00fc2512","2018-10-26T06:25:47.443Z",105057696,18644604
"55936f57edd7f2c0524cc7b8","2018-10-26T06:25:47.443Z",5208158814,11257368
"56cc0c1e1895ca4474774322","2018-10-26T06:25:47.443Z",136065,60225
"55def20e1895ca4474103064","2018-10-26T06:25:47.443Z",118331,57407
"56fd0e819d043da07b096ec4","2018-10-26T06:25:47.443Z",1071750,364945

"56ba085c1895ca447473ac1d","2018-10-26T06:35:47.478Z",340843179,6305770
"55d549851895ca44740e54d9","2018-10-26T06:35:47.478Z",5914183,278155
"5497cf91d46935d5fbc0c81d","2018-10-26T06:35:47.478Z",146741,60816
"584ec643938d4210003b7808","2018-10-26T06:35:47.478Z",53456125,794881
"56d5a5519d043da07b1ab10c","2018-10-26T06:35:47.478Z",134726,59206
"57993d9e69b3180b00fc2512","2018-10-26T06:35:47.478Z",34156405,15719603
"54bf6f7e5ab6cc13528941fb","2018-10-26T06:35:47.478Z",73576,52008
"56fd0e819d043da07b096ec4","2018-10-26T06:35:47.478Z",11815585,1233231

"56ba085c1895ca447473ac1d","2018-10-26T06:45:47.548Z",287950714,181097301
"55d549851895ca44740e54d9","2018-10-26T06:45:47.548Z",419664529,21123828
"5497cf91d46935d5fbc0c81d","2018-10-26T06:45:47.548Z",601654414,10483784
"584ec643938d4210003b7808","2018-10-26T06:45:47.548Z",131300,60384
"56d5a5519d043da07b1ab10c","2018-10-26T06:45:47.548Z",124224,58342
"57993d9e69b3180b00fc2512","2018-10-26T06:45:47.548Z",302550,120814
"54bf6f7e5ab6cc13528941fb","2018-10-26T06:45:47.548Z",1097165928,5913650
"56fd0e819d043da07b096ec4","2018-10-26T06:45:47.548Z",275439587,14099738

"55936f57edd7f2c0524cc7b8","2018-10-26T06:55:47.646Z",1125495781,11773084
"55d549851895ca44740e54d9","2018-10-26T06:55:47.646Z",96287064,16301942
"5497cf91d46935d5fbc0c81d","2018-10-26T06:55:47.646Z",1004632222,16081799
"584ec643938d4210003b7808","2018-10-26T06:55:47.646Z",152380,61815
"56ba085c1895ca447473ac1d","2018-10-26T06:55:47.646Z",328168,121792
"56d5a5519d043da07b1ab10c","2018-10-26T06:55:47.646Z",138921,58187
"542ec35380088cee586d3ae0","2018-10-26T06:55:47.646Z",1240289503,16965176
"57993d9e69b3180b00fc2512","2018-10-26T06:55:47.646Z",34256645,15737336
"54bf6f7e5ab6cc13528941fb","2018-10-26T06:55:47.646Z",637205370,564904745
"56fd0e819d043da07b096ec4","2018-10-26T06:55:47.646Z",339196666,5068659

"540e75583479c5ea8f9e71e1","2018-10-26T07:05:47.735Z",22026126,865299
"55936f57edd7f2c0524cc7b8","2018-10-26T07:05:47.735Z",779745,605507
"540e85493479c5ea8f9f084f","2018-10-26T07:05:47.735Z",464184648,2176790
"584ec643938d4210003b7808","2018-10-26T07:05:47.735Z",167501,61270
"56ba085c1895ca447473ac1d","2018-10-26T07:05:47.735Z",287879,122596
"56d5a5519d043da07b1ab10c","2018-10-26T07:05:47.735Z",149517,59232
"55d47dd61895ca44740e28a1","2018-10-26T07:05:47.735Z",1177474,218208
"542ec35380088cee586d3ae0","2018-10-26T07:05:47.735Z",57224118,280996359
"57993d9e69b3180b00fc2512","2018-10-26T07:05:47.735Z",150557,59935
"54bf6f7e5ab6cc13528941fb","2018-10-26T07:05:47.735Z",52612004,561892830
"578407043be4f4faa56c76ea","2018-10-26T07:05:47.735Z",1257913574,2999057
"56fd0e819d043da07b096ec4","2018-10-26T07:05:47.735Z",17179845,8506581

"540e75583479c5ea8f9e71e1","2018-10-26T07:15:47.835Z",9309102,632216
"55936f57edd7f2c0524cc7b8","2018-10-26T07:15:47.835Z",4183368,225076222
"540e85493479c5ea8f9f084f","2018-10-26T07:15:47.835Z",181757,76288
"584ec643938d4210003b7808","2018-10-26T07:15:47.835Z",162572,61749
"56ba085c1895ca447473ac1d","2018-10-26T07:15:47.835Z",298866,117381
"55d47dd61895ca44740e28a1","2018-10-26T07:15:47.835Z",209652166,115288508
"542ec35380088cee586d3ae0","2018-10-26T07:15:47.835Z",7648291,281006341
"57268e622a8192902e1e9d24","2018-10-26T07:15:47.835Z",41093305,1144961
"5777da8c3be4f4faa56b985c","2018-10-26T07:15:47.835Z",328305923,5107869
"54bf6f7e5ab6cc13528941fb","2018-10-26T07:15:47.835Z",275624,117844

"540e75583479c5ea8f9e71e1","2018-10-26T07:25:47.913Z",2750026,442498
"55936f57edd7f2c0524cc7b8","2018-10-26T07:25:47.913Z",135530,59606
"540e85493479c5ea8f9f084f","2018-10-26T07:25:47.913Z",98874,58001
"56ba085c1895ca447473ac1d","2018-10-26T07:25:47.913Z",311512,120214
"55d47dd61895ca44740e28a1","2018-10-26T07:25:47.913Z",166742,60999
"542ec35380088cee586d3ae0","2018-10-26T07:25:47.913Z",5113549,279134158
"578407043be4f4faa56c76ea","2018-10-26T07:25:47.913Z",178453,85318
"57993d9e69b3180b00fc2512","2018-10-26T07:25:47.913Z",34464657,15779060
"57268e622a8192902e1e9d24","2018-10-26T07:25:47.913Z",459131,137860
"5777da8c3be4f4faa56b985c","2018-10-26T07:25:47.913Z",147557,61065

"55936f57edd7f2c0524cc7b8","2018-10-26T07:35:48.011Z",172496294,1416962
"57388f322a8192902e202ef2","2018-10-26T07:35:48.011Z",24916377,919639
"540e85493479c5ea8f9f084f","2018-10-26T07:35:48.011Z",162920,60502
"5899c744c1cd650f00085066","2018-10-26T07:35:48.011Z",743073701,7209136
"55d47dd61895ca44740e28a1","2018-10-26T07:35:48.011Z",276769473,119513823
"57993d9e69b3180b00fc2512","2018-10-26T07:35:48.011Z",49138306,1854353
"57268e622a8192902e1e9d24","2018-10-26T07:35:48.011Z",152738,60786
"5777da8c3be4f4faa56b985c","2018-10-26T07:35:48.011Z",214861426,4667352
"56325d5f1895ca4474222299","2018-10-26T07:35:48.011Z",64688451,2213697

"57388f322a8192902e202ef2","2018-10-26T07:45:48.103Z",246934,96137
"547ec7d4d46935d5fbbf3943","2018-10-26T07:45:48.103Z",1187713223,9633793
"540e85493479c5ea8f9f084f","2018-10-26T07:45:48.103Z",135383,59473
"578407043be4f4faa56c76ea","2018-10-26T07:45:48.103Z",1209970212,2621900
"5899c744c1cd650f00085066","2018-10-26T07:45:48.103Z",6187219,335107144
"55d47dd61895ca44740e28a1","2018-10-26T07:45:48.103Z",595833,324565
"57993d9e69b3180b00fc2512","2018-10-26T07:45:48.103Z",142678,61217
"57268e622a8192902e1e9d24","2018-10-26T07:45:48.103Z",156195,60715
"54190446ac22859af743f856","2018-10-26T07:45:48.103Z",209963528,5629528
"54bf6f7e5ab6cc13528941fb","2018-10-26T07:45:48.103Z",1054540773,5696320
"5777da8c3be4f4faa56b985c","2018-10-26T07:45:48.103Z",126327,60243
"56325d5f1895ca4474222299","2018-10-26T07:45:48.103Z",4511577,598783
"56fd0e819d043da07b096ec4","2018-10-26T07:45:48.103Z",17170955,562139

"57388f322a8192902e202ef2","2018-10-26T07:55:48.149Z",221908,88854
"547ec7d4d46935d5fbbf3943","2018-10-26T07:55:48.149Z",24582809,1528563
"578407043be4f4faa56c76ea","2018-10-26T07:55:48.149Z",97096067,1377421
"5899c744c1cd650f00085066","2018-10-26T07:55:48.149Z",160195,59782
"57993d9e69b3180b00fc2512","2018-10-26T07:55:48.149Z",34344505,15727298
"57268e622a8192902e1e9d24","2018-10-26T07:55:48.149Z",155889,59919
"54190446ac22859af743f856","2018-10-26T07:55:48.149Z",284019707,9746841
"54bf6f7e5ab6cc13528941fb","2018-10-26T07:55:48.149Z",11880420,567880082
"5777da8c3be4f4faa56b985c","2018-10-26T07:55:48.149Z",131140,60413
"56325d5f1895ca4474222299","2018-10-26T07:55:48.149Z",172716,62052
"56fd0e819d043da07b096ec4","2018-10-26T07:55:48.149Z",3051745,2126966
"569e594d1895ca4474702436","2018-10-26T07:55:48.149Z",92352021,9506546

"57388f322a8192902e202ef2","2018-10-26T08:05:48.227Z",69549291,1748643
"547ec7d4d46935d5fbbf3943","2018-10-26T08:05:48.227Z",3389561,2209058
"55d47dd61895ca44740e28a1","2018-10-26T08:05:48.227Z",180355414,5416428
"578407043be4f4faa56c76ea","2018-10-26T08:05:48.227Z",3866114789,11224077
"5899c744c1cd650f00085066","2018-10-26T08:05:48.227Z",139453,59290
"542ec35380088cee586d3ae0","2018-10-26T08:05:48.227Z",1462875336,15882988
"57993d9e69b3180b00fc2512","2018-10-26T08:05:48.227Z",144202,58441
"54190446ac22859af743f856","2018-10-26T08:05:48.227Z",285000466,9766615
"552416e65ab6cc1352bb0180","2018-10-26T08:05:48.227Z",399835399,3399103
"54bf6f7e5ab6cc13528941fb","2018-10-26T08:05:48.227Z",162446,61474
"56325d5f1895ca4474222299","2018-10-26T08:05:48.227Z",150057,59867
"56fd0e819d043da07b096ec4","2018-10-26T08:05:48.227Z",313162192,7231875
"569e594d1895ca4474702436","2018-10-26T08:05:48.227Z",162134,61937

"57388f322a8192902e202ef2","2018-10-26T08:15:48.326Z",187008,81954
"547ec7d4d46935d5fbbf3943","2018-10-26T08:15:48.326Z",416180,179438
"55d47dd61895ca44740e28a1","2018-10-26T08:15:48.326Z",134647,58961
"578407043be4f4faa56c76ea","2018-10-26T08:15:48.326Z",86171255,1908856
"5899c744c1cd650f00085066","2018-10-26T08:15:48.326Z",158237,64105
"5497cf91d46935d5fbc0c81d","2018-10-26T08:15:48.326Z",805570657,15910094
"542ec35380088cee586d3ae0","2018-10-26T08:15:48.326Z",6118558,1189120
"54190446ac22859af743f856","2018-10-26T08:15:48.326Z",145130,59936
"552416e65ab6cc1352bb0180","2018-10-26T08:15:48.326Z",400449497,333045705
"54bf6f7e5ab6cc13528941fb","2018-10-26T08:15:48.326Z",152055,61416
"56fd0e819d043da07b096ec4","2018-10-26T08:15:48.326Z",125358288,2311402
"569e594d1895ca4474702436","2018-10-26T08:15:48.326Z",168057,61845

"547ec7d4d46935d5fbbf3943","2018-10-26T08:25:48.396Z",403132,178430
"55d47dd61895ca44740e28a1","2018-10-26T08:25:48.396Z",156806,60062
"542ec35380088cee586d3ae0","2018-10-26T08:25:48.396Z",914621800,13454563
"578407043be4f4faa56c76ea","2018-10-26T08:25:48.396Z",2495434354,7936454
"5899c744c1cd650f00085066","2018-10-26T08:25:48.396Z",732410257,7363261
"580886428eacbd0f0096f6c9","2018-10-26T08:25:48.396Z",674377041,5495483
"5497cf91d46935d5fbc0c81d","2018-10-26T08:25:48.396Z",128661,60407
"55def20e1895ca4474103064","2018-10-26T08:25:48.396Z",150519359,11361448
"54190446ac22859af743f856","2018-10-26T08:25:48.396Z",146734,59006
"552416e65ab6cc1352bb0180","2018-10-26T08:25:48.396Z",139392,60818
"54bf6f7e5ab6cc13528941fb","2018-10-26T08:25:48.396Z",138605,59717
"57993d9e69b3180b00fc2512","2018-10-26T08:25:48.396Z",34350089,15450098
"56fd0e819d043da07b096ec4","2018-10-26T08:25:48.396Z",16841734,9555928
"569e594d1895ca4474702436","2018-10-26T08:25:48.396Z",174374,62728

"55936f57edd7f2c0524cc7b8","2018-10-26T08:35:48.496Z",956407825,340546322
"547ec7d4d46935d5fbbf3943","2018-10-26T08:35:48.496Z",635233995,6576630
"55d47dd61895ca44740e28a1","2018-10-26T08:35:48.496Z",143056,63619
"542ec35380088cee586d3ae0","2018-10-26T08:35:48.496Z",192008687,3909424
"578407043be4f4faa56c76ea","2018-10-26T08:35:48.496Z",76390964,1467000
"5899c744c1cd650f00085066","2018-10-26T08:35:48.496Z",538965805,29272729
"580886428eacbd0f0096f6c9","2018-10-26T08:35:48.496Z",418700664,2914796
"5497cf91d46935d5fbc0c81d","2018-10-26T08:35:48.496Z",147179,61276
"55def20e1895ca4474103064","2018-10-26T08:35:48.496Z",75853968,10463349
"5702362c2a8192902e1b7fe7","2018-10-26T08:35:48.496Z",3871135,100159786
"552416e65ab6cc1352bb0180","2018-10-26T08:35:48.496Z",178757,62778
"57993d9e69b3180b00fc2512","2018-10-26T08:35:48.496Z",34293430,15701320
"56fd0e819d043da07b096ec4","2018-10-26T08:35:48.496Z",377473630,5687824
"569e594d1895ca4474702436","2018-10-26T08:35:48.496Z",146741,61242

"550c52805ab6cc1352a632f5","2018-10-26T08:45:48.594Z",3070403770,6994147
"547ec7d4d46935d5fbbf3943","2018-10-26T08:45:48.594Z",24724042,1547593
"55d47dd61895ca44740e28a1","2018-10-26T08:45:48.594Z",163402,71851
"542ec35380088cee586d3ae0","2018-10-26T08:45:48.594Z",981432080,571088265
"578407043be4f4faa56c76ea","2018-10-26T08:45:48.594Z",3864270021,12656188
"5899c744c1cd650f00085066","2018-10-26T08:45:48.594Z",150175,59975
"580886428eacbd0f0096f6c9","2018-10-26T08:45:48.594Z",853663852,422912632
"5497cf91d46935d5fbc0c81d","2018-10-26T08:45:48.594Z",98189034,2234428
"55def20e1895ca4474103064","2018-10-26T08:45:48.594Z",71690847,6954736
"5702362c2a8192902e1b7fe7","2018-10-26T08:45:48.594Z",129781,58783
"552416e65ab6cc1352bb0180","2018-10-26T08:45:48.594Z",161623,60809
"55936f57edd7f2c0524cc7b8","2018-10-26T08:45:48.594Z",338772,122210
"57993d9e69b3180b00fc2512","2018-10-26T08:45:48.594Z",175451,73110
"56fd0e819d043da07b096ec4","2018-10-26T08:45:48.594Z",655269,2918071
"57a30e7be4aa170c00a7c4a6","2018-10-26T08:45:48.594Z",22928860,326827

"580886428eacbd0f0096f6c9","2018-10-26T08:55:48.683Z",678767027,96497430
"547ec7d4d46935d5fbbf3943","2018-10-26T08:55:48.683Z",178952967,207025485
"542ec35380088cee586d3ae0","2018-10-26T08:55:48.683Z",10554407,280229841
"578407043be4f4faa56c76ea","2018-10-26T08:55:48.683Z",205583381,3278918
"5899c744c1cd650f00085066","2018-10-26T08:55:48.683Z",144002,59085
"55def20e1895ca4474103064","2018-10-26T08:55:48.683Z",72974109,7408483
"5702362c2a8192902e1b7fe7","2018-10-26T08:55:48.683Z",169557,59202
"55936f57edd7f2c0524cc7b8","2018-10-26T08:55:48.683Z",328907,121777
"57993d9e69b3180b00fc2512","2018-10-26T08:55:48.683Z",136132,72911
"56fd0e819d043da07b096ec4","2018-10-26T08:55:48.683Z",155451138,2758735
"57a30e7be4aa170c00a7c4a6","2018-10-26T08:55:48.683Z",143211,61396

"550c52805ab6cc1352a632f5","2018-10-26T09:05:48.783Z",6140018855,14416108
"589ae0255512b90f00b74d2c","2018-10-26T09:05:48.783Z",1138673,403503
"580886428eacbd0f0096f6c9","2018-10-26T09:05:48.783Z",5269664,248569889
"547ec7d4d46935d5fbbf3943","2018-10-26T09:05:48.783Z",286633,121495
"542ec35380088cee586d3ae0","2018-10-26T09:05:48.783Z",4921391,2392493
"5899c744c1cd650f00085066","2018-10-26T09:05:48.783Z",118075,57900
"55936f57edd7f2c0524cc7b8","2018-10-26T09:05:48.783Z",7221409,7232968
"55def20e1895ca4474103064","2018-10-26T09:05:48.783Z",72259799,7163564
"5702362c2a8192902e1b7fe7","2018-10-26T09:05:48.783Z",127279,57155
"57993d9e69b3180b00fc2512","2018-10-26T09:05:48.783Z",34278190,15686822
"56fd0e819d043da07b096ec4","2018-10-26T09:05:48.783Z",655372,715186
"57a30e7be4aa170c00a7c4a6","2018-10-26T09:05:48.783Z",140084,65398

"542ec35380088cee586d3ae0","2018-10-26T09:15:48.867Z",349720537,3603087
"550c52805ab6cc1352a632f5","2018-10-26T09:15:48.867Z",3109092930,9994338
"5899c744c1cd650f00085066","2018-10-26T09:15:48.867Z",739624400,342637457
"589ae0255512b90f00b74d2c","2018-10-26T09:15:48.867Z",292553,121183
"580886428eacbd0f0096f6c9","2018-10-26T09:15:48.867Z",188433,62369
"547ec7d4d46935d5fbbf3943","2018-10-26T09:15:48.867Z",279962,120264
"55936f57edd7f2c0524cc7b8","2018-10-26T09:15:48.867Z",628001,244490
"57d6aace5a1fc61000aeed11","2018-10-26T09:15:48.867Z",532326650,3964191
"56fd0e819d043da07b096ec4","2018-10-26T09:15:48.867Z",364786454,10382386
"57a30e7be4aa170c00a7c4a6","2018-10-26T09:15:48.867Z",145466,59909

"542ec35380088cee586d3ae0","2018-10-26T09:25:48.902Z",531028908,7495043
"550c52805ab6cc1352a632f5","2018-10-26T09:25:48.902Z",41454640,2182648
"5899c744c1cd650f00085066","2018-10-26T09:25:48.902Z",160494,65840
"589ae0255512b90f00b74d2c","2018-10-26T09:25:48.902Z",293456,121573
"580886428eacbd0f0096f6c9","2018-10-26T09:25:48.902Z",125553,59557
"547ec7d4d46935d5fbbf3943","2018-10-26T09:25:48.902Z",138545,57894
"55936f57edd7f2c0524cc7b8","2018-10-26T09:25:48.902Z",281676,119990
"57993d9e69b3180b00fc2512","2018-10-26T09:25:48.902Z",34446626,15804688
"58c9b19eea501008000825ff","2018-10-26T09:25:48.902Z",141953529,2181094
"57d6aace5a1fc61000aeed11","2018-10-26T09:25:48.902Z",6653564,431694861
"56fd0e819d043da07b096ec4","2018-10-26T09:25:48.902Z",39031750,9176470

"542ec35380088cee586d3ae0","2018-10-26T09:35:48.993Z",457330859,285767588
"550c52805ab6cc1352a632f5","2018-10-26T09:35:48.993Z",478956,182324
"5899c744c1cd650f00085066","2018-10-26T09:35:48.993Z",1583727,507828
"589ae0255512b90f00b74d2c","2018-10-26T09:35:48.993Z",288771,123757
"580886428eacbd0f0096f6c9","2018-10-26T09:35:48.993Z",112579596,3048525
"55936f57edd7f2c0524cc7b8","2018-10-26T09:35:48.993Z",260336,118672
"5814bed969acb90f000a8721","2018-10-26T09:35:48.993Z",188383844,4325121
"57993d9e69b3180b00fc2512","2018-10-26T09:35:48.993Z",34543859,15789581
"58c9b19eea501008000825ff","2018-10-26T09:35:48.993Z",161225,60695
"57d6aace5a1fc61000aeed11","2018-10-26T09:35:48.993Z",313303,123165
"56fd0e819d043da07b096ec4","2018-10-26T09:35:48.993Z",25368205,2577880
"56cc0c1e1895ca4474774322","2018-10-26T09:35:48.993Z",158548644,2505860

"542ec35380088cee586d3ae0","2018-10-26T09:45:49.076Z",42094858,561164040
"550c52805ab6cc1352a632f5","2018-10-26T09:45:49.076Z",431162,189215
"562e63fd1895ca4474212567","2018-10-26T09:45:49.076Z",157120667,2085503
"5899c744c1cd650f00085066","2018-10-26T09:45:49.076Z",644912,170044
"589ae0255512b90f00b74d2c","2018-10-26T09:45:49.076Z",265522,119114
"55936f57edd7f2c0524cc7b8","2018-10-26T09:45:49.076Z",297215,120291
"5814bed969acb90f000a8721","2018-10-26T09:45:49.076Z",129632,59492
"57993d9e69b3180b00fc2512","2018-10-26T09:45:49.076Z",282721,121440
"58c9b19eea501008000825ff","2018-10-26T09:45:49.076Z",154772,59612
"57d6aace5a1fc61000aeed11","2018-10-26T09:45:49.076Z",312644,127523
"584ec643938d4210003b7808","2018-10-26T09:45:49.076Z",149273447,2235516
"56fd0e819d043da07b096ec4","2018-10-26T09:45:49.076Z",350100320,4524628
"56cc0c1e1895ca4474774322","2018-10-26T09:45:49.076Z",320388,133404

"57388f322a8192902e202ef2","2018-10-26T09:55:49.176Z",53259479,1233178
"542ec35380088cee586d3ae0","2018-10-26T09:55:49.176Z",1515453175,295884018
"562e63fd1895ca4474212567","2018-10-26T09:55:49.176Z",361579868,4868996
"5899c744c1cd650f00085066","2018-10-26T09:55:49.176Z",1077189428,348356470
"550c52805ab6cc1352a632f5","2018-10-26T09:55:49.176Z",39719102,1813716
"578407043be4f4faa56c76ea","2018-10-26T09:55:49.176Z",3874433258,10781684
"5814bed969acb90f000a8721","2018-10-26T09:55:49.176Z",123990,58483
"57993d9e69b3180b00fc2512","2018-10-26T09:55:49.176Z",34486854,15819871
"58c9b19eea501008000825ff","2018-10-26T09:55:49.176Z",154842,59377
"57d6aace5a1fc61000aeed11","2018-10-26T09:55:49.176Z",249821,117855
"584ec643938d4210003b7808","2018-10-26T09:55:49.176Z",134946,59549
"56fd0e819d043da07b096ec4","2018-10-26T09:55:49.176Z",17255944,8855600
"56cc0c1e1895ca4474774322","2018-10-26T09:55:49.176Z",336053,126451

"57388f322a8192902e202ef2","2018-10-26T10:05:49.275Z",227271,90261
"542ec35380088cee586d3ae0","2018-10-26T10:05:49.275Z",577661206,287802661
"562e63fd1895ca4474212567","2018-10-26T10:05:49.275Z",134414,59151
"58cd4bc8a99a110500e1fa4e","2018-10-26T10:05:49.275Z",79115,53058
"5899c744c1cd650f00085066","2018-10-26T10:05:49.275Z",543618537,341717337
"589ae0255512b90f00b74d2c","2018-10-26T10:05:49.275Z",14916581,611410
"5560c277edd7f2c052f9d04c","2018-10-26T10:05:49.275Z",89620115,2170212
"550c52805ab6cc1352a632f5","2018-10-26T10:05:49.275Z",3067145651,6216198
"5814bed969acb90f000a8721","2018-10-26T10:05:49.275Z",135584,59372
"57993d9e69b3180b00fc2512","2018-10-26T10:05:49.275Z",34454846,15769333
"58c9b19eea501008000825ff","2018-10-26T10:05:49.275Z",123212,57520
"584ec643938d4210003b7808","2018-10-26T10:05:49.275Z",141356,60154
"56fd0e819d043da07b096ec4","2018-10-26T10:05:49.275Z",345579631,5160996
"578407043be4f4faa56c76ea","2018-10-26T10:05:49.275Z",133454404,2563447
"56cc0c1e1895ca4474774322","2018-10-26T10:05:49.275Z",298354,120060

"57388f322a8192902e202ef2","2018-10-26T10:15:49.374Z",263554,91127
"542ec35380088cee586d3ae0","2018-10-26T10:15:49.374Z",38564607,561054424
"562e63fd1895ca4474212567","2018-10-26T10:15:49.374Z",171009,61063
"58cd4bc8a99a110500e1fa4e","2018-10-26T10:15:49.374Z",209403,147252
"5899c744c1cd650f00085066","2018-10-26T10:15:49.374Z",132236,62618
"589ae0255512b90f00b74d2c","2018-10-26T10:15:49.374Z",295811,130790
"550c52805ab6cc1352a632f5","2018-10-26T10:15:49.374Z",3161894887,11795079
"5560c277edd7f2c052f9d04c","2018-10-26T10:15:49.374Z",145338,59732
"55936f57edd7f2c0524cc7b8","2018-10-26T10:15:49.374Z",192689847,314819175
"5814bed969acb90f000a8721","2018-10-26T10:15:49.374Z",160011,59700
"584ec643938d4210003b7808","2018-10-26T10:15:49.374Z",119015,59134
"56fd0e819d043da07b096ec4","2018-10-26T10:15:49.374Z",2965108,3944979

"57388f322a8192902e202ef2","2018-10-26T10:25:49.475Z",96123912,2100141
"542ec35380088cee586d3ae0","2018-10-26T10:25:49.475Z",13905423,557703917
"562e63fd1895ca4474212567","2018-10-26T10:25:49.475Z",135178,59405
"58cd4bc8a99a110500e1fa4e","2018-10-26T10:25:49.475Z",150639,59963
"589ae0255512b90f00b74d2c","2018-10-26T10:25:49.475Z",36050167,1174643
"57993d9e69b3180b00fc2512","2018-10-26T10:25:49.475Z",34241065,15753915
"550c52805ab6cc1352a632f5","2018-10-26T10:25:49.475Z",75481075,4642981
"5560c277edd7f2c052f9d04c","2018-10-26T10:25:49.475Z",119503,58291
"55936f57edd7f2c0524cc7b8","2018-10-26T10:25:49.475Z",349958514,315919053
"584ec643938d4210003b7808","2018-10-26T10:25:49.475Z",142128,62985
"56fd0e819d043da07b096ec4","2018-10-26T10:25:49.475Z",353758035,5755332

"57388f322a8192902e202ef2","2018-10-26T10:35:49.558Z",231559,81644
"542ec35380088cee586d3ae0","2018-10-26T10:35:49.558Z",685148,293789
"58cd4bc8a99a110500e1fa4e","2018-10-26T10:35:49.558Z",119352,58543
"589ae0255512b90f00b74d2c","2018-10-26T10:35:49.558Z",258044,117875
"57993d9e69b3180b00fc2512","2018-10-26T10:35:49.558Z",34345556,15713044
"550c52805ab6cc1352a632f5","2018-10-26T10:35:49.558Z",41677264,2358616
"5560c277edd7f2c052f9d04c","2018-10-26T10:35:49.558Z",145447,60473
"581af2e07322f30f00dbf1ed","2018-10-26T10:35:49.558Z",494516426,4635453
"55936f57edd7f2c0524cc7b8","2018-10-26T10:35:49.558Z",442592,181431
"552416e65ab6cc1352bb0180","2018-10-26T10:35:49.558Z",332551029,2257990
"56fd0e819d043da07b096ec4","2018-10-26T10:35:49.558Z",3061594,2696589

"57388f322a8192902e202ef2","2018-10-26T10:45:49.643Z",1919074,827737
"542ec35380088cee586d3ae0","2018-10-26T10:45:49.643Z",547411,236573
"58cd4bc8a99a110500e1fa4e","2018-10-26T10:45:49.643Z",150549,59934
"5899c744c1cd650f00085066","2018-10-26T10:45:49.643Z",1960559784,18017646
"57993d9e69b3180b00fc2512","2018-10-26T10:45:49.643Z",178561,63194
"57d6aace5a1fc61000aeed11","2018-10-26T10:45:49.643Z",484167464,3313541
"550c52805ab6cc1352a632f5","2018-10-26T10:45:49.643Z",518467,235233
"5560c277edd7f2c052f9d04c","2018-10-26T10:45:49.643Z",149001,59296
"581af2e07322f30f00dbf1ed","2018-10-26T10:45:49.643Z",150641,59731
"55936f57edd7f2c0524cc7b8","2018-10-26T10:45:49.643Z",452968,180520
"55543054edd7f2c052ed11f2","2018-10-26T10:45:49.643Z",137575212,1997867
"552416e65ab6cc1352bb0180","2018-10-26T10:45:49.643Z",145487,59336
"56fd0e819d043da07b096ec4","2018-10-26T10:45:49.643Z",289228859,6664189

"57388f322a8192902e202ef2","2018-10-26T10:55:49.674Z",236840,90616
"542ec35380088cee586d3ae0","2018-10-26T10:55:49.674Z",615567,234210
"5899c744c1cd650f00085066","2018-10-26T10:55:49.674Z",1085055134,349689671
"57993d9e69b3180b00fc2512","2018-10-26T10:55:49.674Z",150349,60105
"57d6aace5a1fc61000aeed11","2018-10-26T10:55:49.674Z",7254445,432145307
"540f50225adf368bc3902793","2018-10-26T10:55:49.674Z",728842982,5231506
"550c52805ab6cc1352a632f5","2018-10-26T10:55:49.674Z",39874671,1859924
"581af2e07322f30f00dbf1ed","2018-10-26T10:55:49.674Z",155698,60571
"55543054edd7f2c052ed11f2","2018-10-26T10:55:49.674Z",161273,60835
"578407043be4f4faa56c76ea","2018-10-26T10:55:49.674Z",211387,110985
"552416e65ab6cc1352bb0180","2018-10-26T10:55:49.674Z",140295,59731
"56fd0e819d043da07b096ec4","2018-10-26T10:55:49.674Z",143680640,2716170

"57388f322a8192902e202ef2","2018-10-26T11:05:49.749Z",243111,90710
"5899c744c1cd650f00085066","2018-10-26T11:05:49.749Z",290719,119167
"57993d9e69b3180b00fc2512","2018-10-26T11:05:49.749Z",34295056,15738579
"57d6aace5a1fc61000aeed11","2018-10-26T11:05:49.749Z",165529,60842
"540f50225adf368bc3902793","2018-10-26T11:05:49.749Z",988551,767038
"581af2e07322f30f00dbf1ed","2018-10-26T11:05:49.749Z",139307,58633
"55543054edd7f2c052ed11f2","2018-10-26T11:05:49.749Z",159899,59628
"578407043be4f4faa56c76ea","2018-10-26T11:05:49.749Z",3865711985,10918808
"5637e9f71895ca44742263f7","2018-10-26T11:05:49.749Z",2030943,136738451
"552416e65ab6cc1352bb0180","2018-10-26T11:05:49.749Z",125158,58873
"56fd0e819d043da07b096ec4","2018-10-26T11:05:49.749Z",3243152,6120223

"57388f322a8192902e202ef2","2018-10-26T11:15:49.828Z",151768,62528
"5899c744c1cd650f00085066","2018-10-26T11:15:49.828Z",304300,142940
"589ae0255512b90f00b74d2c","2018-10-26T11:15:49.828Z",337338,124314
"57d6aace5a1fc61000aeed11","2018-10-26T11:15:49.828Z",166797,65893
"57268e622a8192902e1e9d24","2018-10-26T11:15:49.828Z",103187103,1860462
"540f50225adf368bc3902793","2018-10-26T11:15:49.828Z",655271829,3630395
"581af2e07322f30f00dbf1ed","2018-10-26T11:15:49.828Z",169835,59394
"55543054edd7f2c052ed11f2","2018-10-26T11:15:49.828Z",133747,58178
"578407043be4f4faa56c76ea","2018-10-26T11:15:49.828Z",205389520,3240009
"5637e9f71895ca44742263f7","2018-10-26T11:15:49.828Z",135156,59400
"552416e65ab6cc1352bb0180","2018-10-26T11:15:49.828Z",128574,86997
"56fd0e819d043da07b096ec4","2018-10-26T11:15:49.828Z",377909784,6363455

"57388f322a8192902e202ef2","2018-10-26T11:25:49.879Z",123162,57151
"57993d9e69b3180b00fc2512","2018-10-26T11:25:49.879Z",34513315,15741492
"589ae0255512b90f00b74d2c","2018-10-26T11:25:49.879Z",294882,121650
"550c52805ab6cc1352a632f5","2018-10-26T11:25:49.879Z",78199205,2991650
"57268e622a8192902e1e9d24","2018-10-26T11:25:49.879Z",166430,60293
"540f50225adf368bc3902793","2018-10-26T11:25:49.879Z",74748695,2045514
"55543054edd7f2c052ed11f2","2018-10-26T11:25:49.879Z",145660,59176
"584ec643938d4210003b7808","2018-10-26T11:25:49.879Z",173592880,95868273
"5899c744c1cd650f00085066","2018-10-26T11:25:49.879Z",278260,121773
"578407043be4f4faa56c76ea","2018-10-26T11:25:49.879Z",3874651677,10855517
"5637e9f71895ca44742263f7","2018-10-26T11:25:49.879Z",128353,57982
"56fd0e819d043da07b096ec4","2018-10-26T11:25:49.879Z",16897870,9564286

"57388f322a8192902e202ef2","2018-10-26T11:35:49.970Z",159113,59098
"57993d9e69b3180b00fc2512","2018-10-26T11:35:49.970Z",106278506,22861263
"589ae0255512b90f00b74d2c","2018-10-26T11:35:49.970Z",305486,123371
"550c52805ab6cc1352a632f5","2018-10-26T11:35:49.970Z",309251,122029
"57268e622a8192902e1e9d24","2018-10-26T11:35:49.970Z",129884,59016
"540f50225adf368bc3902793","2018-10-26T11:35:49.970Z",333678,144114
"581af2e07322f30f00dbf1ed","2018-10-26T11:35:49.970Z",252787375,1712832
"580886428eacbd0f0096f6c9","2018-10-26T11:35:49.970Z",249599463,1799187
"584ec643938d4210003b7808","2018-10-26T11:35:49.970Z",105116633,2363860
"578407043be4f4faa56c76ea","2018-10-26T11:35:49.970Z",161861739,2521952
"5637e9f71895ca44742263f7","2018-10-26T11:35:49.970Z",11570644,62870043
"56cc0c1e1895ca4474774322","2018-10-26T11:35:49.970Z",99175275,1614026

"56fd0e819d043da07b096ec4","2018-10-26T11:45:50.069Z",258180237,3884791
"57993d9e69b3180b00fc2512","2018-10-26T11:45:50.069Z",303720,121896
"589ae0255512b90f00b74d2c","2018-10-26T11:45:50.069Z",316646,121697
"550c52805ab6cc1352a632f5","2018-10-26T11:45:50.069Z",277966,120769
"57268e622a8192902e1e9d24","2018-10-26T11:45:50.069Z",144096,58913
"581af2e07322f30f00dbf1ed","2018-10-26T11:45:50.069Z",136879,60357
"580886428eacbd0f0096f6c9","2018-10-26T11:45:50.069Z",172971323,25225750
"540e85493479c5ea8f9f084f","2018-10-26T11:45:50.069Z",544063514,4055942
"584ec643938d4210003b7808","2018-10-26T11:45:50.069Z",303479,120433
"578407043be4f4faa56c76ea","2018-10-26T11:45:50.069Z",3878529754,11205532
"55d47dd61895ca44740e28a1","2018-10-26T11:45:50.069Z",534412456,12174055
"56cc0c1e1895ca4474774322","2018-10-26T11:45:50.069Z",48686165,740236

"56fd0e819d043da07b096ec4","2018-10-26T11:55:50.124Z",98342943,6438271
"57993d9e69b3180b00fc2512","2018-10-26T11:55:50.124Z",34316956,15746960
"550c52805ab6cc1352a632f5","2018-10-26T11:55:50.124Z",309876,121265
"57268e622a8192902e1e9d24","2018-10-26T11:55:50.124Z",176400,59910
"581af2e07322f30f00dbf1ed","2018-10-26T11:55:50.124Z",156593,60338
"580886428eacbd0f0096f6c9","2018-10-26T11:55:50.124Z",286239,124973
"55936f57edd7f2c0524cc7b8","2018-10-26T11:55:50.124Z",607993267,2975725
"540e85493479c5ea8f9f084f","2018-10-26T11:55:50.124Z",157345,61431
"584ec643938d4210003b7808","2018-10-26T11:55:50.124Z",28990151,901985
"578407043be4f4faa56c76ea","2018-10-26T11:55:50.124Z",132867734,2608741
"55d47dd61895ca44740e28a1","2018-10-26T11:55:50.124Z",171993,61547
"56cc0c1e1895ca4474774322","2018-10-26T11:55:50.124Z",156816,60205

"56fd0e819d043da07b096ec4","2018-10-26T12:05:50.207Z",343327847,13842928
"57993d9e69b3180b00fc2512","2018-10-26T12:05:50.207Z",230735,114580
"542ec35380088cee586d3ae0","2018-10-26T12:05:50.207Z",1197021857,10899069
"581af2e07322f30f00dbf1ed","2018-10-26T12:05:50.207Z",114475,58262
"580886428eacbd0f0096f6c9","2018-10-26T12:05:50.207Z",281374,119607
"55936f57edd7f2c0524cc7b8","2018-10-26T12:05:50.207Z",1516306,1286001
"540e85493479c5ea8f9f084f","2018-10-26T12:05:50.207Z",151950,60593
"584ec643938d4210003b7808","2018-10-26T12:05:50.207Z",134548,59579
"578407043be4f4faa56c76ea","2018-10-26T12:05:50.207Z",3865560858,10638629
"55d47dd61895ca44740e28a1","2018-10-26T12:05:50.207Z",155280,60683
"56cc0c1e1895ca4474774322","2018-10-26T12:05:50.207Z",139639,59142

"56fd0e819d043da07b096ec4","2018-10-26T12:15:50.270Z",403516119,7791326
"57993d9e69b3180b00fc2512","2018-10-26T12:15:50.270Z",157003,61241
"542ec35380088cee586d3ae0","2018-10-26T12:15:50.270Z",111554628,2235655
"550c52805ab6cc1352a632f5","2018-10-26T12:15:50.270Z",3068004047,5195783
"56ba085c1895ca447473ac1d","2018-10-26T12:15:50.270Z",358296657,8608635
"581af2e07322f30f00dbf1ed","2018-10-26T12:15:50.270Z",161404,60922
"580886428eacbd0f0096f6c9","2018-10-26T12:15:50.270Z",317166,120661
"55936f57edd7f2c0524cc7b8","2018-10-26T12:15:50.270Z",4637243,225495240
"540e85493479c5ea8f9f084f","2018-10-26T12:15:50.270Z",145871,59950
"578407043be4f4faa56c76ea","2018-10-26T12:15:50.270Z",112846999,2190259
"55d47dd61895ca44740e28a1","2018-10-26T12:15:50.270Z",129175,58607
"5777da8c3be4f4faa56b985c","2018-10-26T12:15:50.270Z",881193,236169
"56cc0c1e1895ca4474774322","2018-10-26T12:15:50.270Z",132862,57312

"56fd0e819d043da07b096ec4","2018-10-26T12:25:50.298Z",18235516,12316860
"57993d9e69b3180b00fc2512","2018-10-26T12:25:50.298Z",66013,32148
"542ec35380088cee586d3ae0","2018-10-26T12:25:50.298Z",1047699062,11573021
"550c52805ab6cc1352a632f5","2018-10-26T12:25:50.298Z",1859250,463453
"56ba085c1895ca447473ac1d","2018-10-26T12:25:50.298Z",812690230,360852241
"580886428eacbd0f0096f6c9","2018-10-26T12:25:50.298Z",146621,66948
"55936f57edd7f2c0524cc7b8","2018-10-26T12:25:50.298Z",163394,60891
"540e85493479c5ea8f9f084f","2018-10-26T12:25:50.298Z",160163,60770
"578407043be4f4faa56c76ea","2018-10-26T12:25:50.298Z",3865772973,10426558
"5777da8c3be4f4faa56b985c","2018-10-26T12:25:50.298Z",161436,61943

"578407043be4f4faa56c76ea","2018-10-26T12:35:50.396Z",206525750,73678190
"57993d9e69b3180b00fc2512","2018-10-26T12:35:50.396Z",124572,58799
"5899c744c1cd650f00085066","2018-10-26T12:35:50.396Z",746003590,342516677
"542ec35380088cee586d3ae0","2018-10-26T12:35:50.396Z",149758943,2914444
"550c52805ab6cc1352a632f5","2018-10-26T12:35:50.396Z",145750,60102
"56ba085c1895ca447473ac1d","2018-10-26T12:35:50.396Z",17435516,6086007
"55936f57edd7f2c0524cc7b8","2018-10-26T12:35:50.396Z",164511,64674
"55d47dd61895ca44740e28a1","2018-10-26T12:35:50.396Z",535615068,12706955
"54bf6f7e5ab6cc13528941fb","2018-10-26T12:35:50.396Z",632080105,4352242
"5777da8c3be4f4faa56b985c","2018-10-26T12:35:50.396Z",146326,60389

"578407043be4f4faa56c76ea","2018-10-26T12:45:50.483Z",3874562099,10267957
"57993d9e69b3180b00fc2512","2018-10-26T12:45:50.483Z",141578,60323
"5899c744c1cd650f00085066","2018-10-26T12:45:50.483Z",303133,121538
"542ec35380088cee586d3ae0","2018-10-26T12:45:50.483Z",647695878,10596121
"550c52805ab6cc1352a632f5","2018-10-26T12:45:50.483Z",164094,59309
"56ba085c1895ca447473ac1d","2018-10-26T12:45:50.483Z",326566173,7207781
"584ec643938d4210003b7808","2018-10-26T12:45:50.483Z",88517448,2805109
"552416e65ab6cc1352bb0180","2018-10-26T12:45:50.483Z",63269777,1016148
"55d47dd61895ca44740e28a1","2018-10-26T12:45:50.483Z",327278,120630
"54bf6f7e5ab6cc13528941fb","2018-10-26T12:45:50.483Z",149537,59125
"5777da8c3be4f4faa56b985c","2018-10-26T12:45:50.483Z",119920,58826
"57d6aace5a1fc61000aeed11","2018-10-26T12:45:50.483Z",434054164,2839451

"5899c744c1cd650f00085066","2018-10-26T12:55:50.541Z",240367,117387
"57993d9e69b3180b00fc2512","2018-10-26T12:55:50.541Z",34458642,15772721
"542ec35380088cee586d3ae0","2018-10-26T12:55:50.541Z",452080313,6560033
"55936f57edd7f2c0524cc7b8","2018-10-26T12:55:50.541Z",580661099,170464236
"56ba085c1895ca447473ac1d","2018-10-26T12:55:50.541Z",418479505,9227654
"552416e65ab6cc1352bb0180","2018-10-26T12:55:50.541Z",145782,59915
"550c52805ab6cc1352a632f5","2018-10-26T12:55:50.541Z",39570988,1701017
"584ec643938d4210003b7808","2018-10-26T12:55:50.541Z",43750542,155707523
"55d47dd61895ca44740e28a1","2018-10-26T12:55:50.541Z",308200,120653
"581af2e07322f30f00dbf1ed","2018-10-26T12:55:50.541Z",1639614,55323440
"54bf6f7e5ab6cc13528941fb","2018-10-26T12:55:50.541Z",146729,65229
"57d6aace5a1fc61000aeed11","2018-10-26T12:55:50.541Z",109333545,1795100

"5899c744c1cd650f00085066","2018-10-26T13:05:50.640Z",290034,118955
"57993d9e69b3180b00fc2512","2018-10-26T13:05:50.640Z",149395,60322
"542ec35380088cee586d3ae0","2018-10-26T13:05:50.640Z",8865519,275994997
"55936f57edd7f2c0524cc7b8","2018-10-26T13:05:50.640Z",170173,62141
"56ba085c1895ca447473ac1d","2018-10-26T13:05:50.640Z",148829804,161760801
"552416e65ab6cc1352bb0180","2018-10-26T13:05:50.640Z",151744,59284
"584ec643938d4210003b7808","2018-10-26T13:05:50.640Z",119292,60518
"55d47dd61895ca44740e28a1","2018-10-26T13:05:50.640Z",295263,119082
"581af2e07322f30f00dbf1ed","2018-10-26T13:05:50.640Z",158606,60985
"54bf6f7e5ab6cc13528941fb","2018-10-26T13:05:50.640Z",151637,58759
"57d6aace5a1fc61000aeed11","2018-10-26T13:05:50.640Z",7631485,435809866

"5899c744c1cd650f00085066","2018-10-26T13:15:50.735Z",288713,117334
"542ec35380088cee586d3ae0","2018-10-26T13:15:50.735Z",6967349,834294
"55936f57edd7f2c0524cc7b8","2018-10-26T13:15:50.735Z",114388,57800
"56ba085c1895ca447473ac1d","2018-10-26T13:15:50.735Z",1850632,807873
"56cc0c1e1895ca4474774322","2018-10-26T13:15:50.735Z",158477926,2413048
"552416e65ab6cc1352bb0180","2018-10-26T13:15:50.735Z",159489,59927
"584ec643938d4210003b7808","2018-10-26T13:15:50.735Z",157627,62216
"581af2e07322f30f00dbf1ed","2018-10-26T13:15:50.735Z",145829,69263
"57d6aace5a1fc61000aeed11","2018-10-26T13:15:50.735Z",282558,121184

"57993d9e69b3180b00fc2512","2018-10-26T13:25:50.791Z",517211261,273025151
"542ec35380088cee586d3ae0","2018-10-26T13:25:50.791Z",910733171,12437703
"55936f57edd7f2c0524cc7b8","2018-10-26T13:25:50.791Z",143701,59482
"56ba085c1895ca447473ac1d","2018-10-26T13:25:50.791Z",1974706,815643
"56cc0c1e1895ca4474774322","2018-10-26T13:25:50.791Z",176754,62267
"540e85493479c5ea8f9f084f","2018-10-26T13:25:50.791Z",803112598,3781551
"584ec643938d4210003b7808","2018-10-26T13:25:50.791Z",103068923,2102304
"55d47dd61895ca44740e28a1","2018-10-26T13:25:50.791Z",534293049,11098812
"581af2e07322f30f00dbf1ed","2018-10-26T13:25:50.791Z",142859,59312
"57d6aace5a1fc61000aeed11","2018-10-26T13:25:50.791Z",308613,121166

"57993d9e69b3180b00fc2512","2018-10-26T13:35:50.874Z",1189619,359921
"542ec35380088cee586d3ae0","2018-10-26T13:35:50.874Z",34848880,281071053
"56ba085c1895ca447473ac1d","2018-10-26T13:35:50.874Z",1920659,814882
"56cc0c1e1895ca4474774322","2018-10-26T13:35:50.874Z",139649,60107
"550c52805ab6cc1352a632f5","2018-10-26T13:35:50.874Z",3105968611,10120806
"540e85493479c5ea8f9f084f","2018-10-26T13:35:50.874Z",1070933,470849
"584ec643938d4210003b7808","2018-10-26T13:35:50.874Z",142871940,4196630
"55d47dd61895ca44740e28a1","2018-10-26T13:35:50.874Z",566061953,13012743

"57993d9e69b3180b00fc2512","2018-10-26T13:45:50.894Z",451566,194419
"542ec35380088cee586d3ae0","2018-10-26T13:45:50.894Z",6600240,280967124
"550c52805ab6cc1352a632f5","2018-10-26T13:45:50.894Z",2202842021,5683706
"56ba085c1895ca447473ac1d","2018-10-26T13:45:50.894Z",1959762,813732
"54bf6f7e5ab6cc13528941fb","2018-10-26T13:45:50.894Z",1055212483,5652404
"56cc0c1e1895ca4474774322","2018-10-26T13:45:50.894Z",142808,59423
"54c28df15ab6cc13528998f7","2018-10-26T13:45:50.894Z",292942443,32699079
"540e85493479c5ea8f9f084f","2018-10-26T13:45:50.894Z",295458,118930
"584ec643938d4210003b7808","2018-10-26T13:45:50.894Z",138164,59221
"55d47dd61895ca44740e28a1","2018-10-26T13:45:50.894Z",23927086,1296971
"56968fd21895ca4474682f80","2018-10-26T13:45:50.894Z",352653773,2580550

"57993d9e69b3180b00fc2512","2018-10-26T13:55:50.950Z",34731559,15885171
"542ec35380088cee586d3ae0","2018-10-26T13:55:50.950Z",4416260,278848796
"550c52805ab6cc1352a632f5","2018-10-26T13:55:50.950Z",1179616,362322
"54bf6f7e5ab6cc13528941fb","2018-10-26T13:55:50.950Z",130084,64885
"5885eac1efe2310f0068607a","2018-10-26T13:55:50.950Z",39610272,716640
"5707a51a2a8192902e1bca28","2018-10-26T13:55:50.950Z",1150538247,10190746
"54c28df15ab6cc13528998f7","2018-10-26T13:55:50.950Z",168328,62424
"540e85493479c5ea8f9f084f","2018-10-26T13:55:50.950Z",281096,118561
"584ec643938d4210003b7808","2018-10-26T13:55:50.950Z",81032786,1564131
"56fd0e819d043da07b096ec4","2018-10-26T13:55:50.950Z",280096524,3883920
"55d47dd61895ca44740e28a1","2018-10-26T13:55:50.950Z",160998,60472
"581af2e07322f30f00dbf1ed","2018-10-26T13:55:50.950Z",566179270,60409829
"589ae0255512b90f00b74d2c","2018-10-26T13:55:50.950Z",6949055,5924147
"580886428eacbd0f0096f6c9","2018-10-26T13:55:50.950Z",423391825,2860769
"56968fd21895ca4474682f80","2018-10-26T13:55:50.950Z",143146,60700

"57993d9e69b3180b00fc2512","2018-10-26T14:05:51.026Z",1195840,395346
"550c52805ab6cc1352a632f5","2018-10-26T14:05:51.026Z",6181313151,16782844
"54bf6f7e5ab6cc13528941fb","2018-10-26T14:05:51.026Z",148762,65045
"542ec35380088cee586d3ae0","2018-10-26T14:05:51.026Z",146000,61060
"5885eac1efe2310f0068607a","2018-10-26T14:05:51.026Z",798246,479404
"5707a51a2a8192902e1bca28","2018-10-26T14:05:51.026Z",844666630,594145108
"54c28df15ab6cc13528998f7","2018-10-26T14:05:51.026Z",125715,59735
"540e85493479c5ea8f9f084f","2018-10-26T14:05:51.026Z",279449,117998
"584ec643938d4210003b7808","2018-10-26T14:05:51.026Z",143365155,48603271
"56fd0e819d043da07b096ec4","2018-10-26T14:05:51.026Z",76282367,6065533
"55d47dd61895ca44740e28a1","2018-10-26T14:05:51.026Z",534766448,11448585
"581af2e07322f30f00dbf1ed","2018-10-26T14:05:51.026Z",147325,61262
"589ae0255512b90f00b74d2c","2018-10-26T14:05:51.026Z",162784,61612
"580886428eacbd0f0096f6c9","2018-10-26T14:05:51.026Z",166274,60805
"56968fd21895ca4474682f80","2018-10-26T14:05:51.026Z",2983021,134559485
"546482bac6f0803064f45655","2018-10-26T14:05:51.026Z",246593991,3977640

"550c52805ab6cc1352a632f5","2018-10-26T14:15:51.063Z",3716989,990912
"57993d9e69b3180b00fc2512","2018-10-26T14:15:51.063Z",1140667,414888
"54bf6f7e5ab6cc13528941fb","2018-10-26T14:15:51.063Z",52044761,1219604
"5885eac1efe2310f0068607a","2018-10-26T14:15:51.063Z",3416203,449045
"5707a51a2a8192902e1bca28","2018-10-26T14:15:51.063Z",9781735,585310535
"54c28df15ab6cc13528998f7","2018-10-26T14:15:51.063Z",127133,58808
"584ec643938d4210003b7808","2018-10-26T14:15:51.063Z",164083,61566
"56fd0e819d043da07b096ec4","2018-10-26T14:15:51.063Z",366042074,14833303
"581af2e07322f30f00dbf1ed","2018-10-26T14:15:51.063Z",243945070,58891119
"589ae0255512b90f00b74d2c","2018-10-26T14:15:51.063Z",164148,61798
"580886428eacbd0f0096f6c9","2018-10-26T14:15:51.063Z",111880161,2391674
"56968fd21895ca4474682f80","2018-10-26T14:15:51.063Z",152782,60086
"546482bac6f0803064f45655","2018-10-26T14:15:51.063Z",142885,60012

"550c52805ab6cc1352a632f5","2018-10-26T14:25:51.150Z",296172,128151
"57993d9e69b3180b00fc2512","2018-10-26T14:25:51.150Z",33294265,15401844
"54bf6f7e5ab6cc13528941fb","2018-10-26T14:25:51.150Z",186985,75023
"5885eac1efe2310f0068607a","2018-10-26T14:25:51.150Z",604375697,4780515
"5707a51a2a8192902e1bca28","2018-10-26T14:25:51.150Z",429772,180619
"54c28df15ab6cc13528998f7","2018-10-26T14:25:51.150Z",152203,59911
"540e85493479c5ea8f9f084f","2018-10-26T14:25:51.150Z",378950377,1921864
"584ec643938d4210003b7808","2018-10-26T14:25:51.150Z",162762,62006
"56fd0e819d043da07b096ec4","2018-10-26T14:25:51.150Z",27797283,1161127
"57fab5136da7b40e005d70ed","2018-10-26T14:25:51.150Z",241192999,4892719
"581af2e07322f30f00dbf1ed","2018-10-26T14:25:51.150Z",156569,60715
"589ae0255512b90f00b74d2c","2018-10-26T14:25:51.150Z",151826,60220
"580886428eacbd0f0096f6c9","2018-10-26T14:25:51.150Z",157189,61360
"56968fd21895ca4474682f80","2018-10-26T14:25:51.150Z",162111,60629
"546482bac6f0803064f45655","2018-10-26T14:25:51.150Z",167955,61219

"550c52805ab6cc1352a632f5","2018-10-26T14:35:51.250Z",1185603,366982
"584ec643938d4210003b7808","2018-10-26T14:35:51.250Z",75324428,2486729
"580886428eacbd0f0096f6c9","2018-10-26T14:35:51.250Z",423420365,2941125
"57993d9e69b3180b00fc2512","2018-10-26T14:35:51.250Z",1299656,410952
"5885eac1efe2310f0068607a","2018-10-26T14:35:51.250Z",367960542,3064733
"5707a51a2a8192902e1bca28","2018-10-26T14:35:51.250Z",423674,178002
"5777da8c3be4f4faa56b985c","2018-10-26T14:35:51.250Z",166665,62614
"540e85493479c5ea8f9f084f","2018-10-26T14:35:51.250Z",170109509,19059520
"56fd0e819d043da07b096ec4","2018-10-26T14:35:51.250Z",316997,120133
"57fab5136da7b40e005d70ed","2018-10-26T14:35:51.250Z",287237,119362
"578558ac3be4f4faa56c9584","2018-10-26T14:35:51.250Z",2350962767,12288413
"581af2e07322f30f00dbf1ed","2018-10-26T14:35:51.250Z",244110877,58882413
"546482bac6f0803064f45655","2018-10-26T14:35:51.250Z",158512,60640

"550c52805ab6cc1352a632f5","2018-10-26T14:45:51.347Z",1225282,427390
"584ec643938d4210003b7808","2018-10-26T14:45:51.347Z",44549146,156523720
"580886428eacbd0f0096f6c9","2018-10-26T14:45:51.347Z",439778866,486923302
"57993d9e69b3180b00fc2512","2018-10-26T14:45:51.347Z",156303,60536
"5885eac1efe2310f0068607a","2018-10-26T14:45:51.347Z",315723801,2394003
"5777da8c3be4f4faa56b985c","2018-10-26T14:45:51.347Z",164072,62120
"581af2e07322f30f00dbf1ed","2018-10-26T14:45:51.347Z",252748415,1299578
"540e85493479c5ea8f9f084f","2018-10-26T14:45:51.347Z",134900,59465
"57fab5136da7b40e005d70ed","2018-10-26T14:45:51.347Z",39215853,26321213
"578558ac3be4f4faa56c9584","2018-10-26T14:45:51.347Z",239426804,2928030
"562e63fd1895ca4474212567","2018-10-26T14:45:51.347Z",411738293,5180520
"546482bac6f0803064f45655","2018-10-26T14:45:51.347Z",156529,68490

"577032bd3be4f4faa56adb36","2018-10-26T14:55:51.378Z",2529758029,7212489
"584ec643938d4210003b7808","2018-10-26T14:55:51.378Z",211009136,3300886
"580886428eacbd0f0096f6c9","2018-10-26T14:55:51.378Z",423830831,3290314
"57993d9e69b3180b00fc2512","2018-10-26T14:55:51.378Z",864812,14439308
"5885eac1efe2310f0068607a","2018-10-26T14:55:51.378Z",264946566,1505582
"5777da8c3be4f4faa56b985c","2018-10-26T14:55:51.378Z",156461,60773
"581af2e07322f30f00dbf1ed","2018-10-26T14:55:51.378Z",153735,63892
"540e85493479c5ea8f9f084f","2018-10-26T14:55:51.378Z",168937046,2444229
"57fab5136da7b40e005d70ed","2018-10-26T14:55:51.378Z",296893,120107
"55240d9b5ab6cc1352baf597","2018-10-26T14:55:51.378Z",60242714,127605325
"562e63fd1895ca4474212567","2018-10-26T14:55:51.378Z",271643,120481

"577032bd3be4f4faa56adb36","2018-10-26T15:05:51.473Z",1788749332,5964013
"584ec643938d4210003b7808","2018-10-26T15:05:51.473Z",1442064,483480
"580886428eacbd0f0096f6c9","2018-10-26T15:05:51.473Z",591986,244892
"5885eac1efe2310f0068607a","2018-10-26T15:05:51.473Z",328253333,2614844
"5777da8c3be4f4faa56b985c","2018-10-26T15:05:51.473Z",176821,61635
"581af2e07322f30f00dbf1ed","2018-10-26T15:05:51.473Z",118873,57865
"540e85493479c5ea8f9f084f","2018-10-26T15:05:51.473Z",157651,61519
"57fab5136da7b40e005d70ed","2018-10-26T15:05:51.473Z",155775,60693
"55240d9b5ab6cc1352baf597","2018-10-26T15:05:51.473Z",147350,69131
"574714b12a8192902e218123","2018-10-26T15:05:51.473Z",1179185633,4435701
"562e63fd1895ca4474212567","2018-10-26T15:05:51.473Z",297792,121828

"577032bd3be4f4faa56adb36","2018-10-26T15:15:51.550Z",2938396742,8566745
"584ec643938d4210003b7808","2018-10-26T15:15:51.550Z",305375145,196632652
"580de68af057850f005bf861","2018-10-26T15:15:51.550Z",98081691,43267778
"580886428eacbd0f0096f6c9","2018-10-26T15:15:51.550Z",575130,242056
"5885eac1efe2310f0068607a","2018-10-26T15:15:51.550Z",330252989,2917311
"55240d9b5ab6cc1352baf597","2018-10-26T15:15:51.550Z",693498621,216303300
"581af2e07322f30f00dbf1ed","2018-10-26T15:15:51.550Z",134360,58854
"57fab5136da7b40e005d70ed","2018-10-26T15:15:51.550Z",202992,73330
"57993d9e69b3180b00fc2512","2018-10-26T15:15:51.550Z",140759,59293
"574714b12a8192902e218123","2018-10-26T15:15:51.550Z",200432916,5614948
"562e63fd1895ca4474212567","2018-10-26T15:15:51.550Z",283442,120479

"550c52805ab6cc1352a632f5","2018-10-26T15:25:51.650Z",39119966,1594637
"584ec643938d4210003b7808","2018-10-26T15:25:51.650Z",140573,59462
"580de68af057850f005bf861","2018-10-26T15:25:51.650Z",153923,64984
"55240d9b5ab6cc1352baf597","2018-10-26T15:25:51.650Z",1356435,11133518
"581af2e07322f30f00dbf1ed","2018-10-26T15:25:51.650Z",165070,58888
"542ec35380088cee586d3ae0","2018-10-26T15:25:51.650Z",444601922,5553646
"57fab5136da7b40e005d70ed","2018-10-26T15:25:51.650Z",160503,60082
"57993d9e69b3180b00fc2512","2018-10-26T15:25:51.650Z",33407330,15428979
"540e85493479c5ea8f9f084f","2018-10-26T15:25:51.650Z",547208732,18758960
"574714b12a8192902e218123","2018-10-26T15:25:51.650Z",411910332,428852199

"577032bd3be4f4faa56adb36","2018-10-26T15:35:51.724Z",73766,52008
"550c52805ab6cc1352a632f5","2018-10-26T15:35:51.724Z",2116670,699800
"584ec643938d4210003b7808","2018-10-26T15:35:51.724Z",154654,59182
"5885eac1efe2310f0068607a","2018-10-26T15:35:51.724Z",302825584,1543350
"580de68af057850f005bf861","2018-10-26T15:35:51.724Z",136184,60312
"5777da8c3be4f4faa56b985c","2018-10-26T15:35:51.724Z",327918239,5599084
"55240d9b5ab6cc1352baf597","2018-10-26T15:35:51.724Z",129503,59313
"578407043be4f4faa56c76ea","2018-10-26T15:35:51.724Z",53340953,1027509
"542ec35380088cee586d3ae0","2018-10-26T15:35:51.724Z",33055883,258101450
"580144bdfcbcb7180070bf6a","2018-10-26T15:35:51.724Z",99998759,1830541
"57fab5136da7b40e005d70ed","2018-10-26T15:35:51.724Z",135429,59333
"57993d9e69b3180b00fc2512","2018-10-26T15:35:51.724Z",33745276,2399654
"540e85493479c5ea8f9f084f","2018-10-26T15:35:51.724Z",114292,57703
"574714b12a8192902e218123","2018-10-26T15:35:51.724Z",743861569,4614894

"550c52805ab6cc1352a632f5","2018-10-26T15:45:51.808Z",155104,60324
"584ec643938d4210003b7808","2018-10-26T15:45:51.808Z",149141,58778
"56968fd21895ca4474682f80","2018-10-26T15:45:51.808Z",352568041,2635858
"5885eac1efe2310f0068607a","2018-10-26T15:45:51.808Z",135156,59370
"580de68af057850f005bf861","2018-10-26T15:45:51.808Z",134898,58987
"589ae0255512b90f00b74d2c","2018-10-26T15:45:51.808Z",71812594,2239467
"5777da8c3be4f4faa56b985c","2018-10-26T15:45:51.808Z",136859,60436
"55240d9b5ab6cc1352baf597","2018-10-26T15:45:51.808Z",139519,58706
"581af2e07322f30f00dbf1ed","2018-10-26T15:45:51.808Z",563556187,118257849
"55d47dd61895ca44740e28a1","2018-10-26T15:45:51.808Z",208358554,115048776
"542ec35380088cee586d3ae0","2018-10-26T15:45:51.808Z",5698517,279391149
"580144bdfcbcb7180070bf6a","2018-10-26T15:45:51.808Z",181349,105359
"57fab5136da7b40e005d70ed","2018-10-26T15:45:51.808Z",145097,59383
"57993d9e69b3180b00fc2512","2018-10-26T15:45:51.808Z",161107,60714
"540e85493479c5ea8f9f084f","2018-10-26T15:45:51.808Z",149360,59089
"574714b12a8192902e218123","2018-10-26T15:45:51.808Z",582416862,4109828

"56968fd21895ca4474682f80","2018-10-26T15:55:51.903Z",144778,59779
"5885eac1efe2310f0068607a","2018-10-26T15:55:51.903Z",161107,60936
"580de68af057850f005bf861","2018-10-26T15:55:51.903Z",208658,131603
"550c52805ab6cc1352a632f5","2018-10-26T15:55:51.903Z",41282030,1855335
"580886428eacbd0f0096f6c9","2018-10-26T15:55:51.903Z",217314155,4272603
"589ae0255512b90f00b74d2c","2018-10-26T15:55:51.903Z",39312582,2886899
"5777da8c3be4f4faa56b985c","2018-10-26T15:55:51.903Z",162706,61788
"55240d9b5ab6cc1352baf597","2018-10-26T15:55:51.903Z",169953,59904
"581af2e07322f30f00dbf1ed","2018-10-26T15:55:51.903Z",411507331,115307683
"55d47dd61895ca44740e28a1","2018-10-26T15:55:51.903Z",1537028,1199045
"542ec35380088cee586d3ae0","2018-10-26T15:55:51.903Z",4593710,278901249
"580144bdfcbcb7180070bf6a","2018-10-26T15:55:51.903Z",134897,64468
"57fab5136da7b40e005d70ed","2018-10-26T15:55:51.903Z",155725,60238
"540e85493479c5ea8f9f084f","2018-10-26T15:55:51.903Z",154654,59317
"57ea8202bded660f00237102","2018-10-26T15:55:51.903Z",263736545,344800359
"574714b12a8192902e218123","2018-10-26T15:55:51.903Z",134850,59267

"56968fd21895ca4474682f80","2018-10-26T16:05:51.976Z",146178,59561
"5885eac1efe2310f0068607a","2018-10-26T16:05:51.976Z",156738,60563
"580886428eacbd0f0096f6c9","2018-10-26T16:05:51.976Z",136258,59224
"589ae0255512b90f00b74d2c","2018-10-26T16:05:51.976Z",1251715,575500
"5777da8c3be4f4faa56b985c","2018-10-26T16:05:51.976Z",153042,61010
"581af2e07322f30f00dbf1ed","2018-10-26T16:05:51.976Z",171775,59774
"55d47dd61895ca44740e28a1","2018-10-26T16:05:51.976Z",161064,73240
"580144bdfcbcb7180070bf6a","2018-10-26T16:05:51.976Z",156940,59227
"540e85493479c5ea8f9f084f","2018-10-26T16:05:51.976Z",129659,58104
"57ea8202bded660f00237102","2018-10-26T16:05:51.976Z",5379459,101929559
"574714b12a8192902e218123","2018-10-26T16:05:51.976Z",470025,133326

"56968fd21895ca4474682f80","2018-10-26T16:15:52.073Z",132397,59225
"550859245ab6cc1352a30dca","2018-10-26T16:15:52.073Z",693429,417873
"580886428eacbd0f0096f6c9","2018-10-26T16:15:52.073Z",10030335,21229020
"589ae0255512b90f00b74d2c","2018-10-26T16:15:52.073Z",36734962,1606123
"581af2e07322f30f00dbf1ed","2018-10-26T16:15:52.073Z",130825,57994
"55d47dd61895ca44740e28a1","2018-10-26T16:15:52.073Z",143281,59782
"57993d9e69b3180b00fc2512","2018-10-26T16:15:52.073Z",127802,59153
"57ea8202bded660f00237102","2018-10-26T16:15:52.073Z",243882962,447071559
"5777da8c3be4f4faa56b985c","2018-10-26T16:15:52.073Z",105152807,1892248
"574714b12a8192902e218123","2018-10-26T16:15:52.073Z",55928299,1525343
